School ID,School Name,2000,2001,2002,2003,2004,2005,2006,2007,2008,2009,2010,2011,2012,2013,2014,2015,2016
400008,ACT CHTR HS,23.3,23.7,15.3,19.5,10.3,6.6,8,8.8,3,12.8,20.2,,,,,,
400009,Academy for Global Citizenship,,,,,,,,,,9,3.5,6.7,3.3,10.2,4.3,11.4,3.3
400010,Ace Technical Charter High School,,,,,,8.5,4.2,23.2,6.8,18.3,13.5,22.9,14.6,34.3,27.3,20,22.5
400011,Locke A Elem Charter Academy,3.5,2.2,9.6,5.9,8.7,22.2,5.4,7.2,3.5,1.6,1.3,3.5,5.5,4.8,4.7,10.7,10.1
400012,Amandla Charter School,,,,,,,,,,23.1,23.5,15.7,18.5,21.7,24.3,17.1,46.1
400015,ASPIRA CHRTR HS RAMIREZ,,,,,11.3,14.3,20.9,18.1,8.8,10.7,12.3,7.5,8.9,9.5,8.5,,
400018,Austin Bus & Entrepreneurship HS,,,,,,,,9.5,9.9,23.3,25.5,20.7,36.8,36.2,37.1,24.4,52.1
400019,Bronzeville Lighthouse Elem Chrtr,,,,,,,,14,9.5,14.7,9.5,5,16.3,13.5,5.2,8.6,15.1
400020,CATALYST CHTR - HOWLAND,,,,,,,,14.4,12.5,21.9,18.9,14.4,17.4,35.3,21.9,,
400021,Catalyst Charter-Circle Rock ES,,,,,,,,,3.6,9.5,5.1,4.8,9.6,6.1,5.1,5.7,7.1
400022,Chicago HS for the Arts,,,,,,,,,,,5.6,0.7,3,4.4,4.2,4.7,22.4
400023,Chicago International Charter,,,,,,,,,,,,,6.1,9.3,8.4,10.5,9.1
400035,Chicago Math & Sci Elem Charter,,,,,,7,9.2,11.3,11.3,11,13.3,7.4,6.7,15,9.5,6.5,5
400036,Chicago Virtual Charter School,,,,,,,,88.9,35.3,30.8,38.4,37.2,25.5,31.6,24.3,35.7,40.8
400037,CHOIR ACADEMY CHRTR CAMPUS,,,,,38.9,11.3,13.6,12.4,13.1,29.3,,,,,,,
400038,Community Services West High Sch,,,,,,,,,,66.8,30.2,32.3,33,59.4,29.8,57.4,109.2
400039,Erie Elem Charter School,,,,,,,16.9,8.2,6.4,10.5,8.3,1.7,2.6,2.7,2.4,3.7,3.8
400040,Frazier Prep Acad Charter ES,,,,,,,,,14.1,12.8,9.8,10.8,11.7,7,2.4,16.6,9.1
400041,Galapagos Elem Charter School,,,,,,,16.6,5.5,3.5,9.4,7.9,15.7,11.2,20,13.2,5.2,35
400042,FORD CHTR HS,,,,,,,,,,9.2,8.6,16.8,15.1,26.3,20.5,,
400043,Hope Inst Learning Acad Elem Scho,,,,,,,,,,,26.4,18.4,9.3,14.5,10.6,7.9,10.7
400044,KIPP Chicago Charter Schools,,,,,29.9,27.3,24.2,19.1,5.8,13.1,15.3,14.8,7.9,19.8,10.9,13.3,9.4
400045,Nkrumah Academy Charter ES,,,,,,,,,,12.7,19.3,11.3,8.9,7.1,16.2,15.4,18.9
400049,Legacy Elem Charter School,,,,,,,6.4,6.1,7.3,11.7,7.7,12.5,6.4,11,7.3,9.4,17.6
400050,Namaste Elem Charter School,,,,,,4.5,11.8,4.1,7,4.9,3.4,2,1.8,1.3,4.6,5.2,3.1
400058,North Lawndale Charter HS,9.9,10.8,25.1,6.6,6.8,4.9,6.9,10.1,5.3,13,9.8,5.7,8,10.7,9.1,12.1,13.4
400060,Asian Human Services-Passage Chrt,,,21,28.7,8.8,30.5,15.1,17.5,17.4,30.3,17.3,16.1,16.8,20.9,5.4,19.1,18.1
400064,Perspectives Charter High School,,,,,,,,,,,,,12.1,14.4,10.1,10,14
400068,Plato Learning Acad  Elem School,,,,,,,,,,27.4,5.2,8.5,17.1,11.8,9.1,10.6,17.8
400069,Polaris Elem Charter Academy,,,,,,,,,25.5,12,28.1,15.7,16.1,14.8,16.5,17.2,10.2
400071,Providence-Englewood Elem Charter,,,,,,,,14.8,7.8,9.2,7.6,3.4,4.8,3.8,5.4,5.8, 
400073,Shabazz International Chrtr Schls,17.3,19.3,15.1,7.7,15.3,17.4,12.4,15,6.4,8.4,14.5,14.9,18.1,18.1,17.2,22.9,26
400075,Univ of Chicago Charter Schools,,,,,,,,,,,,,6.8,7.4,4.9,6.8,10.9
400083,UNO CHARTERS,15.5,19.9,25.7,15.7,21,8.8,15.9,14.4,3.6,8.2,19.8,4.8,5.7,5.1,5,,
400086,Urban Prep Chtr Acad Englewood HS,,,,,,,,,,,,,18.8,12.7,7.7,12.1,15.1
400087,Young Womens Leadership Chartr HS,,,,,,,,,,,,,22.7,10.3,17.5,9.2,19.1
400091,Chicago Technology Academy HS,,,,,,,,,,,36.4,28.4,18,14.2,9.2,7.2,14.2
400093,CHGO TALENT CONTR HS,,,,,,,,,,,29.6,20.5,10.3,11.4,10.6,,
400094,EPIC Academy High School,,,,,,,,,,,14.5,7.7,12.8,13.3,17.4,20.2,39.1
400095,GARFIELD PARK CONTR,,,,,,,,,,,8.7,14.9,16.2,29.6,,,
400096,Rowe Elementary,,,,,,,,,,,12,3.9,5.2,2.9,2.9,3.2,5.1
400097,NOBLE ST CHARTERS,9.4,3.6,2.8,5.7,10.9,6.9,5.9,3.7,3,8.2,7.6,7.8,7.8,7.7,7.3,,
400102,Urban Prep Chtr Acad West Campus,,,,,,,,,,,,,27.7,20.6,13.7,20,19.3
400104,IHSCA Charter High School,,,,,,,,,,,,,6.1,1.9,4.3,6.2,7.1
400105,Urban Prep Chtr Acad Bronzeville,,,,,,,,,,,,,16.6,14,12.4,17.2,13
400107,LEARN CHARTERS,,,,13,0.9,80.8,13,13.4,10.8,68.2,13.6,9,8.9,7.6,9.6,,
400109,Prologue - Johnston Fine Arts HS,,,,,,,,,,,,,112.8,109.6,141.7,92.9,78.8
400113,CHICAGO INTL CHARTERS,9.6,11.9,8.5,16.5,6.5,5,8,6.4,2,4.5,4.7,5.6,6.1,9.3,8.4,,
400115,Catalyst Charter - Maria ES,,,,,,,,,,,,, ,7.5,8,9.3,8.3
400116,Montessori of Englewood Chtr ES,,,,,,,,,,,,, ,19.4,33.8,32.1,23.2
400119,Legal Prep Academy Charter HS,,,,,,,,,,,,, ,36.4,30.2,20.9,18
400134,Youth Connections Charter HS,,,,,,,,,,,,,81.9,95,97.8,91.5,152
400146,KIPP CHTR CREATE,,,,,,,,,,,,,,19.8,10.9,,
400147,Chicago Excel Academy HS,,,,,,,,,,,,, ,444.8,69.5,100.3,303.6
400148,IJLA Charter High School,,,,,,,,,,,,, ,46.1,65.4,58.5,180.1
400151,LEARN Charter Schools,,,,,,,,,,,,,8.9,7.6,9.6,9.1,11.9
400153,UNO Academy Charter Schools,,,,,,,,,,,,,5.7,5.1,5,5.1,5.7
400159,Christopher House Chrt ES,,,,,,,,,,,,, , ,4.1,6,7.2
400161,Chicago Collegiate Charter School,,,,,,,,,,,,, , ,15.2,15.1,8.4
400162,Intrinsic Charter High School,,,,,,,,,,,,, , ,10,15,6.1
400163,KIPP CHTR BLOOM,,,,,,,,,,,,,,,15.1,,
400167,Horzion Sci Academy - Southwest C,,,,,,,,,,,,, , , ,5.3,5.4
400168,Great Lakes Academy Charter ES,,,,,,,,,,,,, , , ,23.9,16.7
400170,Noble Street Charter Schools,,,,,,,,,,,,,7.8,7.7,7.3,8.6,12
400171,Foundations College Prep Charter,,,,,,,,,,,,, , , ,28.9,33.7
400172,ASIPRA Charter Schools,,,,,,,,,,,,,8.9,9.5,8.5,7.7,13.3
400178,Moving Everest Charter School,,,,,,,,,,,,, , , , ,16.7
600064,PERSPECTIVES CHARTRS,12.1,10.8,5.9,6.6,17.2,7.8,11.6,10,6.5,11.5,10.5,13.2,12.1,14.4,10.1,,
609674,Chicago Vocational Career Acad HS,13.2,21.9,14.8,15.8,12.6,22.8,16.9,10.5,12.7,12.1,12.5,15.9,27.8,31.5,25.4,30.5,30.5
609675,CHICAGO AA HS,,,,,27.8,92.7,38.6,47.9,27.8,51.4,61.7,27.9,42.2,67.6,,,
609676,Dunbar Vocational Career Acad HS,15.4,20.5,23.8,17.1,15.4,9.7,10.5,7.7,11.6,14.5,14.9,21.1,18.8,22.4,22.7,28.9,35
609678,Jones College Prep High School,12.3,9.4,9.5,3.4,2.7,3.1,4,2.6,2.5,1.6,2.5,1.7,1.2,0.7,0.5,1.8,1.3
609679,Prosser Career Academy HS,10.6,10.7,8.7,7.5,7.3,5.4,9.6,6.2,5.7,3,9,8.5,8,6.3,4.2,3.7,6.3
609680,Payton College Preparatory HS,,10.3,3.8,6.5,1.8,2.5,3.3,2.8,0.7,1.3,6.6,1.6,1.1,1.8,2.3,1.6,1
609682,Richards Career Academy HS,28,26.3,21.1,19.6,19.9,14.8,18.4,26.7,21.9,29.2,20.7,37.1,27.6,30.5,42.2,51.6,36.8
609683,ALTERNATIVE LEARNING HS,248.1,343.9,321,361.4,,,,,,,,,,,,,
609686,YOUTH CONNECTION CHTR,124,124,4.3,59.9,213.5,133.5,175.5,188,166.2,94.6,100.4,98.4,81.9,95,97.8,,
609691,North-Grand High School,,,,,,22.8,14.9,17.3,11.6,15.8,12.4,11.3,12.1,20.3,15,13.7,17.4
609692,Simeon Career Academy High School,10.3,8.4,8.8,7.7,4.6,6.1,4.9,8.4,5,5.3,8.1,7.9,7.3,10.4,9,7.3,7.2
609693,Westinghouse High School,,,,,,,,,,,,,5,2.5,3.6,4.2,3.3
609694,Hancock College Preparatory HS,23.3,15.6,13.5,24,8.1,11.4,23.6,26.8,13.3,13.3,15.6,16.7,19,16.1,20.5,11.9,14.9
609695,Amundsen High School,26.2,23.6,26.2,27.2,24.8,23.5,25.8,24.3,18.4,13.4,17,18.3,17.4,19.1,18.9,15.5,13.4
609696,AUSTIN COMMUNITY HS,61.1,53.7,52.8,45.9,47.2,30.8,32.3,30.1,,,,,,,,,
609698,Bogan High School,19.4,18.3,18.8,24.5,23.1,18.4,22,26.4,21,22.1,20.6,34.6,27.3,27.8,18.6,18.8,25.4
609699,BOWEN HIGH,36.8,37.1,36.3,64.5,46.8,42.3,54.3,,,,,,,,,,
609701,CALUMET ACADEMY HIGH,125.9,44,68.5,35.3,52,32.4,30.7,23.5,,,,,,,,,
609702,CRANE HS,39.3,43.2,39.9,42.4,34.9,53.3,44.3,47.9,43.4,32.2,27.3,39,51,59.6,30.5,,
609703,DUSABLE HIGH,40.5,45.5,36.4,21.8,21.6,17.1,22,,,,,,,,,,
609704,Farragut Career Academy HS,30.4,34.3,30.1,36.4,39.8,49.4,58,54.1,36.8,20.2,26.2,22.4,23.1,34.7,19.2,15,29.8
609705,Fenger Academy High School,38,50.7,40.4,35.5,47.7,44.8,35.5,33.1,76.6,41.8,38.2,41.4,46.4,29,57.2,42,69.4
609706,FENGER AA HS,,,,,,74.4,235.2,25.4,35.1,46,56,41.9,27.5,0,,,
609707,Robeson High School,34,42.3,45,45.7,37.3,49.9,34.9,38.5,36.2,32.9,79.1,185.9,176.5,81.6,72.4,72.3,62.8
609708,Foreman High School,35,32.2,27,30.2,27.5,30,43.5,31.5,22.4,17.5,41.1,52.7,36.5,35.2,34.1,32.6,31.2
609709,Gage Park High School,26.7,24.9,18.8,27.1,23.8,23.7,31.8,26.1,36.4,34.7,28.4,37.8,31.5,40.7,35,41.3,38.5
609710,Harlan Community Academy HS,31.6,27.8,32.4,29.9,31.5,26.3,24,41,33.1,32.4,30.1,21.5,26.2,37.5,28.8,31.6,43.5
609711,Harper High School,55.5,46.3,50.1,38.1,39.8,30.5,32.8,32.4,37.5,32.1,26.5,31.2,35.5,53.4,34.5,32.8,37.5
609712,Hirsch Metropolitan High School,15.4,22.7,23.8,20.7,18.4,28,28.7,46.8,35.9,29.1,35.6,41.9,50.5,55.3,79.4,72.5,97
609713,Hyde Park Academy High School,12.8,20,17.5,17.8,19.2,18,27.2,36.6,16.7,20.3,20.8,25.9,35,43.6,52.8,36.7,20.4
609715,Kelly High School,30.4,26.4,24.2,31.7,37.9,36.2,34.9,27.4,25.6,27.9,26.1,32.7,32,41.9,41.7,35.7,36
609716,Kelvyn Park High School,32.8,30,37.2,31.4,23.4,27.5,28.2,24.9,19.7,14.6,16.5,24.7,24.1,21.5,30.3,25.3,32.8
609718,Kennedy High School,17.9,17.8,17.9,16.6,16.6,19.6,26.9,21.8,19.6,12.8,11.3,10.2,13,16.8,15.8,12.9,13.3
609719,Lake View High School,18.4,15,13.6,14.1,14.3,16.2,18.1,13.5,8.9,9.9,9.2,7,7.1,9,9.4,5.6,8.3
609720,Lane Technical High School,5.2,6.2,5.7,4.6,4.4,4.4,3.6,3.1,2.2,1.6,1.2,1.7,2.4,1.4,2.1,1.6,1.7
609721,LINDBLOM COLL PREP H,11.8,14.4,7.1,5.4,6,2.7,1.9,,,,,,,,,,
609722,Manley Career Academy High School,64.9,53,82.3,68.9,84,85.5,83,50.4,31.8,38,42.6,55.8,61.6,95.8,86.7,49.1,58.4
609723,Marshall Metropolitan High School,37.9,48.8,35.5,45,32.1,56.3,33.7,34.9,37.3,42.4,26.4,40.2,46,62.7,57.2,57.5,54.8
609724,Mather High School,20.4,21.6,18.1,19.7,17.8,18.3,15.6,19.1,21.3,25.8,18.4,26.4,21.6,23.3,18.8,16.3,18.6
609725,Morgan Park High School,9.6,8.1,10.6,9.8,11.9,9,10.8,8,9,7.2,5.8,7.7,9.1,10.5,13.6,11.6,12.2
609726,Brooks College Prep Academy HS,4.7,7.1,3.7,3.7,3.8,4.3,6.7,3.8,2.6,3.5,3.2,1.8,2.6,1.4,2.6,3.6,1.1
609727,Phillips Academy High School,60.8,47.4,32.6,32.9,29.7,37.4,35.3,41.3,40.6,35.9,27,50.2,78,110.8,87.1,68.1,76.7
609728,Roosevelt High School,30.2,26.9,22.1,22.8,23.5,29,31.7,29.9,24.2,19,21.3,32.3,25.8,28.5,24.2,19,19
609729,Schurz High School,28.8,32.4,25.7,23.1,22.6,26.1,29.8,24,23.7,25.8,22.3,26,21.6,19.9,20,19.5,17.2
609730,Senn High School,35.4,33.6,30.1,31.1,32.8,40.4,37.9,38,25.2,17,18.4,17.8,16.8,17.2,15.7,13.6,15
609732,Steinmetz College Prep HS,,,,,,,,,,,,,21,23.1,26.9,21.8,25
609733,Sullivan High School,,,,,,,,,,,,,42,52.1,41.1,30.6,30.7
609734,Taft High School,,,,,,,,,,,,,10.1,10.2,9.8,10.4,8.5
609735,Tilden Career Communty Academy HS,,,,,,,,,,,,,64.2,45,36.3,32,41.2
609736,DYETT HS,54.8,26.1,34,33.4,30.2,31.6,29.1,34.5,34,30.2,39.9,40.9,45.7,30.4,20.2,,
609737,Von Steuben Metro Science HS,,,,,,,,,,,,,5.6,4.2,4,3.7,3.9
609738,Lincoln Park High School,16.4,16.3,15.4,13.7,13.1,12.4,11.5,10.5,9.4,8.8,7.6,8.8,9.1,9.5,7.4,7.9,5.7
609739,Washington G High School,,,,,,,,,,,,,10.5,11.3,7.3,10,13.7
609740,Wells Community Academy HS,,,,,,,,,,,,,34.9,30.6,26,25.9,25.7
609741,Hubbard High School,12,10.9,10.1,10.3,8.7,13.7,16.5,18,12.1,17.4,15.2,14,11.1,11.4,12.8,11.8,11.6
609742,ENGELWOOD HS,62.7,56.6,53,44.1,33.3,30.4,35.6,41.5,9.7,,,,,,,,
609743,PHILLIPS AA HS,,,,,,69.2,30.6,26.1,34.8,46.8,67.6,95.6,98.9,267.7,,,
609744,NORTHSIDE LEARNING HS,7.6,8.7,13.2,9.1,,,,,,,,,,,,,
609745,SOUTHSIDE HS,10.1,6.9,17.2,11.4,,,,,,,,,,,,,
609746,Kenwood Academy High School,14.4,14.7,11,15.2,17.4,15.3,13.4,12.7,11,10.3,11.3,12,13.7,16.2,11.7,11,6.7
609748,YORK HS,659.1,575.2,926.6,901.1,,,,,,,,,,,,,
609749,Northside College Preparatory Hs,2.2,3.1,2.4,3.5,25.8,1.6,2.5,2.1,1.2,0.8,0.8,0.5,0.6,0.4,1.3,1.6, 
609750,SIMPSON HS,162.1,160.9,183.1,189.3,,,,,,,,,,,,,
609751,King College Prep High School,29,19,17.1,1.5,3.6,3.7,5,5.8,5.5,4.8,2.9,3.9,3.8,7.1,3.8,4.4,4.8
609753,Chicago HS for Agricult Sciences,9.7,6.1,7.6,7.2,4.1,5.9,6.1,7.3,4.2,5.6,6.2,1.6,3.3,2.6,2.4,2.5,3.8
609754,Chicago Military Academy HS,8.5,6.2,6.3,5.2,6.7,6.3,3.5,10.3,5.2,7.7,7.5,7.1,13.6,8.4,6.4,11.5,5.7
609755,Young Magnet High School,,,,,,,,,,,,,2.6,2.2,1.3,2.3,1.4
609756,Curie Metropolitan High School,15.2,13.9,11.1,14.6,9.9,8.8,13.4,17.7,13.8,12.3,8,10.3,14.5,12.1,12.4,9.9,11
609759,Clemente Community Academy HS,29,23.8,25.4,27.9,27.8,23,23.8,28.1,23.7,18.7,25.9,27.3,29.5,29.2,20.1,19.5,18.4
609760,Carver Military Academy HS,26.6,24.2,24.3,27.8,19.7,13.5,15.5,8.9,8.4,2.6,12.1,5.4,6.9,3.2,4,2.8,5.6
609761,Corliss High School,34.9,31.7,28,32.8,46.1,30.5,37.1,23.8,28,42.5,39.3,28.9,30.2,54,44.4,27.6,39.6
609762,Julian High School,20.7,18.7,16.9,15,13.8,21.5,13.9,19.2,14.9,19.7,18.7,16.5,20.4,26.9,25.8,19.7,35
609763,COLLINS HS,35.9,55.3,36.4,36.2,36.6,29.2,32.4,16.1,18.9,2.8,,,,,,,
609764,Juarez Community Academy HS,24.8,30.7,33.8,36.2,33,24.3,28.3,21.8,17.8,11.8,13.8,10.3,10,10.3,7,10.2,18
609765,LAS CASAS HS,48.8,42.4,49.5,58.9,,,,,,,,,,,,,
609766,VAUGHN HS,13.6,15.9,17.3,13,,,,,,,,,,,,,
609768,Hope College Prep High School,16.3,12.7,10.3,7.6,7.8,5.7,6.8,12.5,18.6,21.8,19.9,25.5,27.7,31.9,36.7,48.1,55.2
609769,GRAHAM R HS,15.7,12.3,13.5,22.6,,,,,,,,,,,,,
609771,ABBOTT,23.4,17.3,71.1,49.9,83.4,42.8,92.7,33.6,34.4,27.8,,,,,,,
609772,Addams Elem School,23.9,20.4,22.6,17.5,18,20.1,20.5,16.2,18.4,13.2,13.9,6.4,17,11.8,13.2,13.9,15.5
609773,Agassiz Elem School,13.2,12.1,13.8,12.3,12.2,8.2,12.8,9.1,19.6,8.6,5.8,6.2,13.6,10.9,7.3,10.9,7.2
609774,Alcott Elem School,15.8,9.7,14.3,12.6,14,7.9,11.3,9.9,10.6,4.9,10.1,3.7,6.2,6.5,7,8.8,7.9
609775,ALTGELD,31.5,36.6,33.3,39.9,39.7,37,44.1,38.1,32.2,32.4,34.9,27.2,35.1,36.1,,,
609776,ANDERSEN,35.9,29.4,36.6,29.3,35.7,32.9,16.7,13.7,16.2,4.9,14.8,4.9,,,,,
609777,Armour Elem School,30.8,27,31.3,26.7,34,30.8,25.6,19.4,74.2,25,29.9,17.2,12.3,23.4,21.5,18.2,21.7
609779,Armstrong G Elem IntL Studies,18.4,18.4,14,18.5,17.6,14,15.4,25.4,16.6,18.7,20.2,14.8,18.6,21.5,17.7,16.1,18.6
609780,Marine Leadership Academy - Ames,25.7,29,21.3,17.9,18.1,21.9,15.3,18.1,17.2,15.8,14.8,12.3,12,13.8,15.6,10.7,8
609781,ATTUCKS,17.2,21.9,42,18.3,21.1,15.4,14,24.8,29,14.1,26,14.4,28.5,42.7,31.4,,
609782,Audubon Elem School,22.8,17.1,16.1,14.1,15.4,17.2,14,15.7,17,9.8,9,4.7,5.7,6.1,12.2,9.2,5.1
609783,JEFFERSON ALT HS,1067.8,1145.1,1078.5,1095.7,,,,,,,,,,,,,
609786,Avalon Park Elem School,38.5,36.7,30.3,33.2,29.8,27.7,28.2,35.8,48.6,33.4,34.6,40.3,46.6,65.4,53.2,43.3,46.1
609787,AVONDALE,25.2,20.8,22.1,24.8,26.8,26,22.3,18.6,25.9,26.1,28.3,11.6,,,,,
609788,Barnard Elem Comp Math & Sci Ctr,21.9,21.7,21.7,19,22.9,21,21.2,14.5,19.6,21.8,17.1,11,23.9,18.7,15.4,20.8,18.4
609789,Barry Elem School,19.8,19.9,16.3,12.9,16.6,11.8,10.1,16.9,24.6,16.8,13.7,17,15.4,11.2,15.6,15.6,21.6
609790,Barton Elem School,26.4,29.5,28.1,22.8,30.2,27.6,34.8,32.3,39.6,30.1,30.9,31.3,33.1,28.2,30.4,34.5,39
609791,Bass Elem School,51.3,46.1,43.2,37.4,37.2,44.6,39.5,53.8,61.2,48.3,36.1,45.1,46.3,45.1,36.5,36.6,36.8
609792,Bateman Elem School,29.1,34.2,24.1,29.3,28.9,20.8,27.2,18.1,23.2,16.8,14.1,14.2,13.7,12.5,9.4,10.5,10.6
609793,Nicholson Technology Acad Elem Sc,36.1,36.6,41,44.1,61.2,39.9,36.8,38.9,48.2,34.4,39.5,38.7,45.5,65.3,52.4,57.4,52.9
609794,Edison Elem Regional Gifted Cntr,1.1,0,2.2,0.7,1.1,0.8,3,0.4,1.6,2.3,3,2.6,2.6,2.6,2.2,0.7,1.1
609795,Clark  G R Elem School,15.7,15.7,17.8,14.9,20.9,14.4,21.5,16,24.2,11.3,22.4,16.7,23.3,20,17.1,16,22.2
609796,Beaubien Elem School,14,14.6,12.7,12.6,13.6,12.4,12.4,9.5,11.6,7.9,10.4,6.3,7.7,9,6.9,9.7,6.4
609797,Beidler Elem School,39.3,30.9,27.9,26.5,22.9,29.7,33.3,29.3,23.6,30.2,25.3,15.7,18.9,26.5,28.4,34.4,24.5
609798,Belding Elem School,33,26.2,24.7,22.7,28.4,27.6,19.2,15.4,20.5,21.5,23.1,16.4,22.1,21.3,17.6,21.3,16.3
609799,Bell Elem School,6.2,4.7,8.1,5.5,6.2,5.3,3.8,6.4,4.8,4.1,2.8,7.9,7.5,7.9,6.6,6.3,3.3
609800,Bennett Elem School,21.9,24.2,15.7,27.4,17,21.2,25.5,27.8,28.9,26.9,19.3,25.8,19.7,27.3,21.9,22.3,26.2
609803,Blaine Elem School,37.4,22.6,29.4,23,24.8,15.6,16.8,15.5,13.5,13.1,17.6,13.6,19.6,12.8,12.9,14.7,10.7
609804,Boone Elem School,17.8,23,20.3,22.6,19.4,19.2,20,19.7,27.8,22.5,23.6,22.2,22.2,21.9,16.2,19.5,13.2
609805,Joplin Elem School,78.9,31.7,52.3,48.7,42.2,36.8,42.4,38.6,34.1,25.5,36.4,28.1,28.9,33.2,38.1,37.7,43.7
609806,Bradwell Comm Arts & Sci Elem Sch,43.5,47.9,48.8,53.5,51.4,50.8,50.8,66.2,75.2,56.6,63,50.5,51.8,53.8,53,60.4,47.5
609807,Hampton Elem Fine & Perf Arts Sch,,15.8,16.8,15.6,14.3,16.4,13.8,11.2,16.3,15.2,15.2,11.4,17.3,12.2,18.2,14.5,15.3
609808,Haley Elem Academy,32.9,34.3,43.2,41.5,40.1,43.6,38.6,43.9,51.9,36.5,33.2,33,43.8,47.7,45.5,45.9,36.9
609809,Brentano Elem Math & Science Acad,26.8,17.3,15.3,16.3,16.7,20.8,15.1,19.1,29.5,19.7,14.4,12.2,15.3,18.9,9.8,18.9,21.2
609810,Bridge Elem School,18.7,19,14.1,15.9,19.3,16.8,13.9,14.1,12.5,10.9,12.4,7.6,10.2,9.4,9.9,11.4,11.8
609811,Bright Elem School,33,23.1,23.1,40.3,39.5,17.8,27.1,25.5,51.2,46.6,28.6,22.1,27.5,27.9,24.2,31.3,37.9
609812,Brown  W Elem School,20.2,21,15.3,21.4,26,36,34.1,24.5,42.7,28,21.3,30.4,18.6,26.9,40.1,28.5,19.6
609813,Brownell Elem School,33.4,33.1,42.6,47.1,46.3,42.8,40.1,46,50.8,36.2,31.6,34.5,34,34.5,29.7,30.2,41.8
609815,Bouchet Elem Math & Science Acad,32.9,39.6,32.5,32.5,28.1,64.2,30.8,31.5,49.2,36.7,38.1,31.1,37.4,29.6,32.8,33.9,45.5
609817,Budlong Elem School,28.1,27.9,25.8,25.5,26.8,26,25.7,22,23.6,21.1,17.1,13.7,14.9,14,11.3,13.5,19.1
609818,Burbank Elem School,19.3,20.1,17.5,19.5,21.3,21.9,20,17.9,22.3,15.7,14.2,13.2,13.2,11.5,12.7,14.2,19
609819,Burke Elem School,41.8,37.2,48.1,38.3,60,56.1,48.8,39.8,74.1,53.4,50.5,41.5,49.5,43.3,48.8,54.5,58.6
609820,Burley Elem School,12.4,15.6,6.8,10.3,8.2,6.5,4.5,4.8,3,3.6,1,3.5,4.7,6.8,4.7,7.4,2.4
609821,Burnham Elem Inclusive Academy,33.9,23.6,31,95.1,20.6,33.5,49.4,19.7,25.4,23.4,19.2,21.7,17.9,24.6,31.8,32.7,27
609826,Castellanos Elem School,30.4,25.7,23.4,23.2,17.9,21.1,15.7,16.2,14.2,7,10,12.6,13.8,14.1,17.7,13,16.5
609827,Burnside Elem Scholastic Academy,3.4,2.8,2.7,3.2,3.4,4.4,2.3,3.9,8.6,6.5,7.7,4,7.2,5.6,12.6,6.4,5.6
609828,Burr Elem School,33.2,22.5,30.7,21.5,12.7,18.2,18.6,15.6,43.6,19.2,14.8,5.4,4.4,8.6,10,9.1,9.7
609829,Burroughs Elem School,18.7,15.7,19.8,16.1,24.5,18,16.2,13.2,35.7,15.5,22.5,10.6,17,16.5,20.1,12.5,14.1
609830,Brunson Math & Sci Specialty Elem,37.5,41.9,37.6,32.8,31,34.5,26.2,30.5,30.4,26.1,29.7,23.3,28.8,26.7,24.6,24.1,28.1
609832,Byrne Elem School,15.2,11.3,15,9.4,8.9,12.7,10.8,10.5,8,6.7,9.5,7.2,6.8,9.3,9.4,9.1,7.1
609833,Caldwell Elem Acad of Math & Sci,17.6,24.4,22,20.2,25.3,21.4,20.1,25,42.2,19.4,20,29.8,29.6,33.4,36.8,34.9,35.5
609834,Little Village Elem School,14.1,9.3,12.9,14.1,8.6,11.4,12,8.5,8.7,9,8.5,7,8.8,9.6,9.4,10.3,5.9
609835,Cameron Elem School,28.7,19.8,18,19.1,20.5,29.8,84.4,43.5,30.7,26,30.6,25.4,25.7,32,27.5,26.9,26.7
609836,Canty Elem School,13.1,16.9,12,14.8,11.7,12,10.1,9.7,8.6,7.6,12.1,7.2,6.9,6,9.1,11.1,7
609837,Carnegie Elem School,20.1,14.7,14.5,14.1,11.1,9.2,8.3,11.1,18.1,8.6,10.2,7.9,11.7,11.8,16.8,10.5,16
609838,CARPENTER,37.7,40.5,33.7,31.8,25.9,22,26.8,25.6,20,11,7.8,9.7,,,25.5,,
609839,Carroll Elem School,18,11.5,7.9,20.5,10.3,9.4,15.5,19.6,26,23,22.1,33.5,30.3,28.1,25.5,31,32.8
609842,Carson Elem School,22.5,23.3,17.9,18.6,20.2,13,19.9,15.7,10.6,7.4,14.2,13.6,14,14.1,14,12.2,14
609844,Carter Elem School,40.8,36.8,44.3,42,45.7,49.2,47.1,41.4,61.4,50.6,45.6,46.6,43.7,59.1,41.5,39.8,36.9
609845,Carver Primary School,21.3,15.1,18.9,23.6,30.8,25.8,16.8,29.3,30,29.5,39.2,31.1,26.6,26.2,24.6,29.8,43.5
609847,CARVER MIDDLE,21,17,17.8,18.6,24.8,27.8,18.3,34.5,17.4,,,,,,,,
609848,Aldridge Elem School,24.4,23.8,36.7,35.6,35.3,49.8,20,22,32.4,48.9,35.8,19.9,23.1,36.9,43,62.4,56.6
609849,Cassell Elem School,11.4,10,15.4,8.6,15.2,8.2,10.6,8.7,17.7,11.4,8.8,11.2,10,10.8,8.2,11.8,7.7
609850,Greeley Elem School,17.8,20.8,26.1,23.3,23.3,25.5,22.7,16.8,23.7,10.8,11.1,6.4,8,10.5,8.7,9.5,11.9
609851,Chalmers Elem Specialty School,19.2,27.7,29.2,36.5,23.2,35.7,39.3,31.8,34.6,31.5,31.3,39,42.6,37,57.8,45.2,28.3
609852,Chappell Elem School,29.7,27.3,23.1,22.5,27.5,29.3,20.6,13.3,18.8,8,12.1,9.8,15.1,8.3,9.8,13.6,18.4
609853,Chase Elem School,25.2,23.8,19.3,18.1,20.4,17.7,16.4,12.7,16.2,9.2,10.1,9.3,10.6,9.1,8,11.2,25.2
609854,Chopin Elem School,27.5,22,25.9,25.9,47.3,21.2,24.1,28.5,17.6,28.7,13.7,15.6,20.6,19.8,15.6,21.4,17.9
609855,Christopher Elem School,14.8,10.7,19.9,15.2,10.3,14.6,28.4,23.1,9.9,10.2,13.5,15.9,10.8,22.7,13.9,14.7,13
609856,Clay Elem School,23.2,27.1,20.1,21.6,21,21.2,20.8,13.8,24.5,15.8,12.1,13,19.1,19.2,17,19.1,22.3
609857,Cleveland Elem School,24.4,20.9,20.9,21.5,18.7,22.6,26.1,23.1,26.8,13.6,13,18.3,23.5,25.7,18,24.1,24.9
609859,Clinton Elem School,26.6,30.6,28,27.4,26.4,28.4,30.6,28.2,25.9,23.3,25.4,22.2,24.5,23.8,20.8,21.6,24.6
609861,Clissold Elem School,7.8,7.4,9,9.5,8.5,7.8,9,7.9,14,7,7.9,8.6,17.2,8,11.8,7.2,8.5
609862,Coles Elem Language Academy,25.2,39.5,24.5,26.7,31.5,28.8,35.3,31.8,43.7,31.9,32.4,26.3,24.7,32.4,29.1,36.6,31.5
609863,Columbus Elem School,40.4,31.7,26.4,22.1,30.7,27.8,26.4,21.8,24.8,16.4,17.8,11,12.1,14.4,8.9,14.9,15.6
609864,Cook Elem School,33.4,37.3,33.4,38,37.9,33.8,29.7,30.8,40.7,26.9,31.7,30.6,46.5,44.1,42.2,36.4,37.9
609865,Jordan Elem Community School,21.7,15.9,19.4,26.2,19.6,17.1,22.1,21.4,21.3,15.8,26,17.9,17.2,22.9,22.5,24.7,30.3
609866,Coonley Elem School,37.2,27.3,45.3,24.5,19.9,13,13.6,17.8,13.9,10.2,9.7,7.7,3.5,8.2,8.2,4.2,3.9
609867,Cooper Elem Dual Language Academy,33.4,22,21.4,22.4,18.4,18.7,27.5,20.4,32.8,15.8,14.7,10.6,10.8,11.4,8.2,13.9,13.1
609869,Langford A Elem School,49.8,47.1,34.6,50.3,40.8,43.1,34.5,46.9,52.8,23.7,34.8,41.7,32,37.5,26.4,30.9,45.3
609870,Corkery Elem School,29.4,22.6,24.1,20.8,23.8,16.8,27.1,23.6,22.2,24.3,25.3,23.2,17.7,17.9,22.5,26,27.9
609871,VICK,,,,,,,,,,,,,,,,,
609872,Perez Elem School,31.1,30.3,20.7,18.6,18,20.1,15.2,13.7,11.3,12.9,16.2,8.5,7.8,10.2,11.7,9.7,8.6
609873,Crown Elem Comm Acd Fine Arts Ctr,19.1,20.2,26.8,28.4,30.8,37.7,36.1,34.1,36.9,33.5,35.5,33,42.5,30.2,26.9,36.5,54.3
609874,Dirksen Elem School,23.4,24.9,20.6,21.9,25.9,23.9,20.1,16.5,18.8,19.5,20.4,16.2,18.3,20.1,20,24.8,16.4
609875,Darwin Elem School,29.2,28.3,35.4,28,29.2,25.4,35,31.7,28,12.7,17.2,12.1,12.2,16.7,18.1,18.4,35.7
609876,Davis N Elem School,32.2,21.7,19,21.7,22.4,20.7,26.6,20.7,27.7,16.9,17.8,14.5,20.6,18.7,17.7,20.6,30.8
609879,Dawes Elem School,19.8,24.1,19.2,17.8,21.5,17.2,17.7,16.2,17.8,11.1,10.2,15.5,15.5,15.9,14.9,20.9,15.4
609880,Decatur Classical Elem School,1.9,2.5,0.7,1.5,3.7,6.6,2.8,0.8,4.2,2.9,0.3,2.1,3.5,2.5,3.5,4.5, 
609881,DELANO,27,41.6,21.6,29.5,34.8,28.3,37.3,42.6,42.7,38.2,39.3,25.4,32.4,34.4,,,
609883,Deneen Elem School,27.6,32.3,27,33.6,33.4,54.7,54.8,32.2,27.1,28.2,33.1,25.3,29.8,29.4,26.7,39.3,29.5
609884,Dever Elem School,9.9,12.1,8.8,11.1,11.4,10.5,10.9,7.1,11.1,8.5,7.9,9.9,9.7,12.2,10.1,9,8
609885,Dewey Elem Academy of Fine Arts,31.7,32,33.5,30.7,41.6,30.9,35.7,32.8,40.5,39.1,34.1,29.2,35,29.4,42.1,28.8,27
609887,Dixon Elem School,8.4,11.2,14.1,10.8,12.7,18.5,12.8,13.7,19.5,14.8,10.3,10.7,9.9,15.6,11.6,7.5,7.5
609888,Dodge Elem School,30.1,48.9,35.9,,22.8,29.5,17.6,9.5,16.6,12.8,8.4,7,10.5,19.5,13.1,4.3, 
609891,Doolittle Elem School,29.7,29,28.5,31.3,26.1,33.4,24.4,30.6,36.3,29.4,46.7,28,40.5,40.6,28.3,35.8,38.3
609893,Dore Elem School,7.6,11,10.8,11.5,14,12.2,9,6.8,14.6,7.7,8.6,7.1,11.2,8.2,11.4,12.5,11.3
609894,Drake Elem School,29.2,44.4,14.7,33.8,19.6,18.5,14.2,23.6,24.1,23.9,12.5,37.1,36.1,37.7,16.7,26.2,29
609895,Turner-Drew Elem Language Academy,,,,,,,,,,,,,3.3,11,8.4,7.6, 
609896,Drummond Elem School,30.2,30.8,40.3,29.9,54.2,25.3,20.8,12.4,5.7,2.4,3,4.1,1.4,3.6,0.4,5.4,4
609897,Earle Elem School,33.2,36.6,46.1,44.2,58.7,46.4,50.8,47.2,55.6,51.5,37.6,36.6,39.6,47.9,37.5,30.1,46.3
609898,Eberhart Elem School,24.5,20.2,18.8,20.6,19.6,17.5,16.7,13.8,18.1,11.6,13.1,16.5,10.3,13.2,10.4,10.4,8.2
609899,Ebinger Elem School,36.6,17,13.8,23.4,7.5,10.4,8.7,7.3,13.2,8,4.8,9.1,5.6,4.5,7.5,7.3,2.7
609900,Curtis Elem School,59.7,34.8,42.6,42,51.7,43.5,50.5,43.2,53.3,37.3,34.9,47,39.8,28.2,35.5,30,50.7
609901,Edgebrook Elem School,12,2.5,5.2,6.1,2.8,3.1,6.6,8.7,7.7,5.1,3.1,3.8,3.4,4.3,3,3.3,2.3
609902,Metcalfe Elem Community Academy,31.1,30.6,26.2,27.8,25.5,28.1,38,36.5,33.7,41.7,30.4,26.3,36.2,49.2,41.9,48.9,53.7
609903,Edwards Elem School,21.3,18.7,13,11,9.7,10.8,9.4,18.2,18.3,17.9,16.3,14.6,14.3,15.9,18.9,18.2,29.3
609904,Ellington Elem School,45.2,36.6,45.3,46.7,40.9,111.4,40.4,47.1,42.9,24.9,35.5,24.7,30.7,43.5,33.1,33.6,39.8
609906,EMMET,32.7,30,27.6,31.9,37.5,37.4,35.1,31.9,48.7,47.6,47.2,26.5,38.9,46.5,,,
609907,Ericson Elem Scholastic Academy,8.7,3.5,4.7,4.7,7.7,6.3,4,4.9,15.7,8,10,8,16.5,15.6,11.3,15.7,15.1
609908,Esmond Elem School,41.4,29.5,27.7,25.9,27.4,33,34,21.6,32.6,25.7,22,24,19.5,21.9,34.5,22.1,32.8
609909,Everett Elem School,21.7,24.6,25.6,19.3,30,24.2,22.4,20,38.3,23.2,22.5,14.1,21.9,20.5,40.8,23.8,24.4
609910,Falconer Elem School,33.8,31.1,25.2,22,25.7,20,24.1,17.7,22.5,15.6,17.1,14.5,18.8,14.8,10.6,11.9,14.4
609912,Farnsworth Elem School,17.7,15.3,15.7,19.4,20.8,12.3,16.9,17.3,18.8,12.4,11.5,15.7,14.6,12.9,12.3,12,17.1
609913,GOODLOW,34.7,24.1,27.8,28.7,37.8,39,25,33.4,31.1,23.7,30.6,21.3,21.7,21.8,,,
609914,FARREN,27.9,28.6,32.1,20.6,28.2,36.6,13.2,,,,,,,,,,
609915,FOUNDATIONS,19.1,15.1,6.3,13.7,18.3,21.7,23.1,35.1,33.4,31.6,,,,,,,
609916,FERMI,47.9,52,42.4,46,44.4,41.1,55.2,50.8,53.8,51.6,40.3,50.7,39.5,54.1,,,
609917,Fernwood Elem School,20.4,25.4,23.3,33.7,22.9,26.4,28.3,19.6,33.7,30.7,27.6,19.6,19.7,30.8,27.5,19.3,24.8
609918,Field Elem School,42.6,31.9,33.7,28.9,25.3,30.3,23.1,24,14.6,27.3,29.3,24.8,24.6,30.6,23.2,26.2,16.3
609919,Fiske Elem School,23.6,18,20.2,21.7,30.5,22.6,26.7,15.7,19.4,18.7,25.2,21.3,24.3,18.4,35.5,40,50.2
609920,Kanoon Elem Magnet School,17.5,11.2,11,12.3,13.2,10.7,15.4,9.3,27.4,10.6,18.4,18.5,18.5,19.8,11.1,11.7,15.1
609921,Telpochcalli Elem School,,,,,,,,,,,,,23.3,21.6,17.7,14.1,20.6
609922,Belmont-Cragin Elem School,,,,17.2,10.4,8.9,10.8,13.4,26.6,11,14.5,4.6,7.4,4.3,7,13.3,45.7
609924,Fort Dearborn Elem School,28.6,23.6,24,21.2,20.6,28.1,24.9,20.8,23.7,28.8,22.1,23.2,34.4,34.6,27.6,38.6,36.5
609925,Kellman Corporate Community Elem,3.5,3.9,13.7,3.4,3.6,2.2,5.2,3.7,18.3,5.1,3.8,3.7,4.3,6.3,9.9,8.5,12
609926,Franklin Elem Fine Arts Center,5.6,9.1,3.6,2.8,3.1,3.9,4.5,4.2,4,0.6,5.6,3.4,2.2,3.9,1.1,4.7, 
609927,Foster Park Elem School,22.7,23.7,25.6,23,22.4,22,21.7,27.7,36.8,28.1,20.8,20.1,25.4,30.7,31.9,39.1,36.3
609928,Fuller Elem School,29.9,29.6,38.1,42.3,30.2,28.3,39.6,26.9,44,25.9,34.5,34,41.5,42.4,43.4,41,40.2
609929,Fulton Elem School,40.7,49.6,54.9,61.9,57.6,46.1,49.3,46.3,20.6,45.6,43.5,39.2,47.7,35.7,43.9,37.3,40.8
609930,Funston Elem School,46.5,32.9,34.4,32.3,36.4,25.8,19.3,20.7,17.9,14.5,14,20.2,19.4,21.6,18.1,21.8,24.1
609932,OWENS,19,20.5,18.6,23,22.8,21.1,23.3,23.2,39.5,12.2,26.4,23.3,29,27.3,,,
609933,Gale Elem Community Academy,33.8,38.9,40,36.2,27.9,35.8,38.6,37.5,45.8,30.1,31.8,35.8,48,36.1,42.5,39.6,48.9
609935,Gallistel Elem Language Academy,23,27.9,28.3,21.9,23.2,19.6,18.4,16.6,20.5,9.4,12,10.7,10.3,12.4,16.2,14.6,15.6
609937,Garvy  J Elem School,11.6,11.8,7.3,9.2,9.7,4.8,8,3.8,11.7,5.1,5.7,7.8,4.5,10.5,10.7,7.8,4.1
609938,Gary Elem School,17.5,14,18.9,13.2,17.2,14.9,13.6,11.7,11,8.2,8.9,9.9,8,13,8.8,10.9,13
609939,Gillespie Elem School,36.4,26.6,25.8,36.7,43.7,25.4,33.6,38,43.7,34.2,37,35,34.9,36.1,36.3,48.6,29.2
609940,GLADSTONE,42,36.5,37.4,33,35.4,32.1,36.1,56.9,48.8,,,,,,,,
609941,Randolph Elem School,19.1,21.3,26.6,27.8,24.8,23.3,27,25.7,34.6,29.4,22.4,28.3,43.4,42.4,48.9,26.7,35.2
609942,Goethe Elem School,16.7,15.7,18.2,11.7,8.8,17.1,11.2,11.2,15.2,13.9,12.8,10.4,5.7,8.1,8.4,5.8,12
609943,Owens Community Academy ES,19,14.1,19,26.7,21.3,32.4,19.4,28.1,26.2,26.5,22.3,22.3,21.2,32.4,38,34.8,30.5
609944,Grissom Elem School,12.9,9.3,7.8,13.5,6,6.2,15.5,7.4,11.6,14,9.6,8.9,8,10,12.4,12.1,16.6
609945,Goudy Technology Academy,39.6,28,25.7,27.8,33.5,31.8,28,22.1,21.7,22.9,26.1,17,17.5,15.8,13.6,17.1,17.8
609947,Graham  A Elem School,16.8,21,25,24,31.4,29.5,26.4,38.9,31.8,18.9,20.9,22.6,27,19.4,24,23.7,31.6
609948,GRANT,24.7,26.5,19.2,30.8,28.5,23.8,,,,,,,,,,,
609949,Gray Elem School,19.1,19.4,18,20.3,18.6,19.4,16.5,16.2,16.8,12.9,12.7,12.6,16,13.8,13.2,13.5,12.4
609950,Ortiz De Dominguez Elem School,27.9,23.3,25,17.3,20.8,21,24.7,14.5,26.5,17.8,15.7,13.2,11.8,14.4,14.8,9.9,17.8
609951,Ariel Elem Community Academy,3.5,5.8,3.3,7.7,3.7,4.7,4.5,4.6,8.5,3.2,6,6.4,7.6,7.8,6,6.9,5.8
609952,Greene N Elem School,23.8,23.4,30.7,17.2,27.4,23.8,19.5,15.4,20.5,20.2,12.8,20.9,16.3,15.2,16.8,17,17.8
609954,Gregory Math & Sci Elem Academy,30.6,28.8,20.9,33.5,31.9,27.5,23.5,42.7,45.4,47.8,34,36.5,28.1,42.1,47.8,40.8,67.3
609955,Gresham Elem School,23.1,26.1,32.1,22,34.1,34.3,28.1,28,38.1,29.2,29.3,29.9,40.8,40.6,29.4,28.9,37.3
609956,Grimes Elem School,22.8,22.3,20.6,29.8,24.2,12.5,33.2,17.3,30.4,16.6,21.7,7.6,14.7,16.1,17.3,13.7,17.9
609958,Gunsaulus Elem Scholastic Academy,4.5,2.2,4,2.8,6.5,4,4.7,4.3,2.1,1.9,6.2,6,3,1.7,2.2,1.9,4.5
609959,Haines Elem School,17,9.4,8,5.7,12.2,8.1,6.6,8.7,10.3,6.9,7.3,8.9,12.6,13,13.1,6.9,12.9
609960,Hale Elem School,13.8,20.8,16.5,17.3,20.5,15.8,19.3,19.4,17.4,18.4,16.6,12.5,15.4,17.3,14,19.1,15.4
609961,Ninos Heroes Elem Academic Ctr,29.8,27.2,31,26.6,28.1,25.8,29.6,37.5,28,31.3,27.2,27.4,26.8,25.5,34.7,37.9,53
609963,Hamilton Elem School,17.5,29.2,22.7,19.3,15.1,13.8,12.2,13.2,30.4,21.4,11,10.1,8.9,7.2,10.4,5.2,5.8
609964,Hamline Elem School,35.4,34.8,58.7,59.8,57.9,30.6,28.5,25.3,21.3,25.6,25.1,22.3,23,19.9,25.2,24.3,25.8
609966,Hammond Elem School,39.2,35.1,32.3,30.4,25.8,37,39,33.5,39,22.5,29.2,25.6,24,19.6,15.2,21.8,23
609967,Finkl Elem School,57.9,38.6,27.1,23.3,21.9,22.9,21.8,25.9,26.8,19.3,23.5,23.1,30.2,28.6,19.2,18.5,24.8
609968,McAuliffe Elem School,28.1,23.7,30.8,25.1,24.6,25.3,20.4,22.4,26.3,20.5,23.1,19.7,20.4,11.7,17.6,18.2,17.2
609969,Harte Elem School,18.9,17.2,18.5,11.1,12.9,12.5,13,7.8,10.7,11.6,12.1,12.9,13.4,11.5,10.9,12.7,11.7
609971,Harvard Elem School,53.2,40.9,38.5,37.4,31.5,31,48.8,41.8,37,37.7,36.6,35.4,31.9,43.6,45,41,54.7
609972,Haugan Elem School,27.1,26,25.9,18.7,22.3,20.3,32.8,23.1,33.1,16.4,19.8,14.5,19.5,16.3,16.7,16.8,18.8
609973,Zapata Elem Academy,,,,,,,,,,,,,10.7,13.2,15.4,14.6,9.4
609974,Hawthorne Elem Scholastic Academy,0.6,2.4,1.3,2.7,1.8,2.5,0.9,1.8,0.8,0.9,1.2,1.9,3,2.1,3,2.4,1.1
609975,Hay Elem Community Academy,19,16.7,17.4,23.1,22.6,23.1,21.3,22.4,20.9,22.5,22.4,17.5,19.8,23.5,18.1,24.9,23.9
609976,Hayt Elem School,32.8,30.1,30.3,29.1,26.7,26.6,22.6,22.5,16.7,18,22.8,16,18.9,22.4,26.5,19.9,23.7
609977,Woodlawn Elem Community School,,,,,,,,,,,,,14.4,11.4,13.3,10.9,24.1
609978,Smith  W Elem School,28.2,31.6,24.3,31.9,62.7,36.2,36.7,28.9,44.7,30.4,35.8,35.1,38.8,34.3,34.2,19.2,33.9
609979,Healy Elem School,12.9,12,13.9,7.3,12.9,12.1,11.8,10.6,11.2,7.8,10.8,11.1,11.7,9.8,8.5,9,6.9
609981,Hearst Elem School,36.7,19.8,25.8,32.9,29.1,26.6,21.3,36.4,26.7,32.6,36.4,27.3,30.1,31.4,21.9,23,42.6
609983,Hedges Elem School,33.8,23.3,25.2,20.4,30.1,19.7,17.6,18.3,19.5,15.4,23.7,11.1,12.4,15.8,16.6,18.1,21.9
609985,Hefferan Elem School,28.3,36.9,31.1,29.3,33.1,27.4,30.5,29.7,32.9,25.1,17.6,21.8,25.4,40.5,35.8,36.6,49.6
609986,Henderson Elem School,32.2,39.8,28.3,38.8,42.1,39.3,42,44.8,60.5,45,39.7,40.4,44.4,37.8,49.2,43.5,44
609987,Hendricks Elem Community Academy,11.3,14.6,7.3,11.7,23.7,23.2,22.2,25.1,24.6,25.2,40.2,26.2,31.1,25.6,43.2,33.2,40.6
609988,Henry Elem School,27.3,22.7,25.5,25.1,22.9,23.9,24.3,21.7,27.4,22.5,16,12.4,16.1,13.4,16.8,15.1,12.6
609989,HERBERT,19.5,16.5,9.2,16.5,19.3,17.3,36.1,31.9,29.2,20.5,15.7,20.1,23.1,25.6,,,
609990,South Loop Elem School,,,,,,,,,,,,,12.2,12.5,8.8,11.3,10.7
609991,Herzl Elem School,28.6,31.2,22.1,23.6,29.3,24.2,30.2,30.9,30.2,20.8,24.6,19,20.7,30.5,38.3,19.6,41
609993,Lara Elem Academy,42.1,33.6,32.2,30.5,34.5,30,29.8,36.9,22.2,20.8,22,14,21.5,16.8,20.8,25.1,37
609994,Hibbard Elem School,15.9,18.1,15.7,14.5,19.3,18,25.1,17.3,19.4,15.3,16.6,12.1,11,11.6,11.8,10.6,14.3
609995,Hitch Elem School,22.1,20.5,17.8,21.3,17.7,25.2,17.4,14.7,22.9,17.8,12.8,12.7,7.8,7.2,11.6,10.4,11.5
609996,Holden Elem School,21.9,17.6,23.7,21.5,23.9,21.2,21.8,15.1,18.5,11.6,14.9,13.7,22.4,19.9,14.2,21.9,25.7
609997,Holmes Elem School,39.8,26.8,31.5,35.8,42.5,45.2,31.8,34.2,42.2,36.8,35.6,35.9,42.8,48.1,63.4,46.5,79.1
609999,NIA,12.6,12,11.8,13.7,17.2,24.9,36.6,41.6,14.5,17.5,,,,,,,
610000,Howe Elem School,31.8,29.3,30,30.8,31.3,30,29.6,34.4,47.3,26.9,26.1,19.8,29.7,22.7,27.8,28.8,27.9
610001,HOWLAND,37.6,29,42.6,37.3,41.6,39.8,,,,,,,,,,,
610002,Hoyne Elem School,32.2,12.4,36.3,10.5,18.6,16.7,12.8,10.9,17,13.9,11.2,17.3,13,9.6,12.5,15.7,15.2
610003,Cuffe Math-Sci Tech Elem Academy,16.7,14,21,13.7,22.3,17.6,48.7,51,15.5,19,16.2,14.7,16.2,13.3,17.6,20.3,14
610004,Cullen Elem School,27.2,32.2,23.7,26.5,27.3,17.4,17.8,21.8,31.4,23.2,26.8,25.6,18.1,27.2,29.5,35.9,38.3
610005,Hughes  C Elem School,31.1,30.6,27,28.4,36.6,40.3,35.9,38.5,39.8,30.5,45.1,35.5,30.4,33.4,36.2,43.2,51.8
610006,Hurley Elem School,23.5,21.6,24.1,25.6,18.3,16.1,11.6,12,15.3,13.9,12.9,12.2,14.2,11.4,9.9,15,8.6
610009,Galileo Elem Math & Sci Schol Acd,3.7,4.9,5.9,2.2,2.3,2.2,2.4,6.2,4.6,4,4.4,6.2,5.2,5.8,2.5,3.4,2.9
610010,Jahn Elem School,28.7,25.1,34.8,15.4,13.8,23.1,21,16.7,19.7,12.7,13.5,12.7,11.9,12.4,9.4,15.2,16.1
610011,Jamieson Elem School,22,21.9,17,18.9,17.9,20.6,25.9,19.6,20.2,14.9,18.3,19.4,18.8,15.9,15,23.6,19
610012,Jenner Elem Academy of The Arts,30.2,18.4,15.8,20,21.4,28.7,24.6,15.4,15.4,14.5,14.8,16.9,18.3,15.6,24.7,25.8,26.4
610013,Pilsen Elem Community Academy,19.6,15.2,20,15.5,17.9,22.3,15.8,18.8,26.8,12.7,13.3,9.8,12.9,15.5,12.5,6.1,29.5
610015,Jungman Elem School,36.3,39.4,31.1,29.6,25.3,29.7,31.7,22,20.5,20.2,14.7,12.7,11.9,12.3,20.5,15.4,25.7
610016,Kellogg Elem School,10.6,7.8,7.3,14.9,9.1,6,12.1,6.3,13.5,4.4,10.3,9.3,12.9,16.8,14.7,11.7,10.1
610017,Saucedo Elem Scholastic Academy,5.8,5,4,4.6,2.4,3.3,3.1,4.9,3.5,4.1,2.4,3.2,2.9,4.2,3.8,4.1,5.7
610018,CANTER,10.4,10.5,8,11.6,15.8,11.4,12.8,9.8,11.6,13.4,10.4,11.6,10.7,15.1,6.3,,
610019,Kershaw Elem School,37.6,38.8,44.1,54.6,60.2,26.7,37.1,53.4,76.1,13.3,15.4,7.4,7.6,3.1,7.5,10.5,8.7
610020,KEY,20.9,23.5,28.7,33.8,36.1,21.9,32.1,30.2,39.3,27.6,29.2,27.2,27.8,37.4,,,
610021,Casals Elem School,54.6,53.7,53.5,57.1,78.5,63.8,47.5,45.2,38.1,27.8,32.4,23.6,21,22.2,17.8,23.1,20
610022,Kilmer Elem School,31.7,31.9,29.4,31,27.9,25.9,26.5,24.5,27.8,27.9,22.1,22.7,23.9,24,18.6,23.8,27.2
610023,KING,37.5,30.1,38.1,25.5,32,21.5,24.8,30.7,32.9,30.9,37.1,18.1,33,23.2,,,
610024,Cardenas Elem School,33.9,26,30.9,31.1,23.8,25.9,19.8,20.6,19.8,12.9,18.2,11.4,17.8,19.2,18.5,16.2,19.9
610026,Kinzie Elem School,8.6,11.7,6.1,9.6,12.1,12.1,8.5,8.5,12.8,10.4,8.9,7.3,6.8,8.6,13.2,13.7,9.5
610027,Kipling Elem School,18.3,10.1,17.9,10.1,11.2,15.5,11.9,13.5,19.1,16.2,13.8,6,20.4,13.9,20.3,16.2,19
610028,KOHN,45.1,40.8,52.5,46.5,40.2,44.4,44.3,32.6,49.8,40.3,27.9,31.9,51.2,38.3,,,
610029,Lozano Elem Bilingual & Intl Ctr,40,22.2,29.1,28.3,19.2,22.2,18.5,19.8,18.3,8.9,17.3,12.6,17.9,23.3,22.5,9,20.1
610030,Kozminski Elem Community Academy,17.3,20.9,12.4,17.2,21.3,15.9,19.7,12.3,18,16.9,19.2,21.6,14.9,21.7,19.8,19.6,17.8
610031,LAFAYETTE,29.1,30.5,27.1,23.2,26.3,33.6,21.7,22,27.7,20.9,29.8,17.5,24.1,24.7,,,
610032,Green  W Elem School,33.8,31.5,40.8,40.1,36,30.5,17.1,24,28.3,24.5,30.2,24.4,20.2,23.6,22.7,24.9,22.6
610033,LaSalle Elem Language Academy,1.8,2.1,3.2,0.7,1.7,1.8,1.9,1.4,1.8,1.4,2.4,3.7,4.9,5.6,4.5,3.1, 
610034,Lawndale Elem Community Academy,19.6,25.8,28.4,23.2,25.3,21.6,21.8,22,23.1,22.1,35.8,22,20.5,41.1,34.6,24.1,29.2
610035,LEMOYNE,41.1,43.1,28.8,32.6,34.4,41.1,13.2,5.1,,,,,,,,,
610036,Lewis Elem School,32.4,20.7,20.8,16.1,23.1,25.5,24.9,35.1,31.4,29.2,25.9,33.7,28.8,33.3,29.1,38.3,29.8
610037,Libby Elem School,51.7,45.8,46.7,50.5,41.4,51,43,35.1,46,42.1,35.4,41.7,39.6,32.6,41,33.2,39.2
610038,Lincoln Elem School,6.4,8.1,8.7,6,8.6,10.9,11.4,6.3,10.2,6.8,13.5,9.6,9.1,13.5,13.5,11.8,7
610039,Linne Elem School,,,,,,,,,,,,,11.4,16.4,14.7,17.4,17.9
610040,Lloyd Elem School,48.4,34.8,35.5,30.6,30.3,37.2,28.1,24,34.9,23.9,20.3,15.8,16.4,16.8,16.6,13.7,13.7
610041,Locke  J Elem School,34.9,25.9,26.2,21.9,23.9,27.3,24.6,16.6,19.7,8.5,7,11.6,10.1,13,8.7,9.8,14.5
610043,Lovett Elem School,9.1,8.9,12.3,17.5,14.4,16.5,18,19.8,22.8,19.7,18.9,18.3,13.3,13.4,19.6,20.3,16
610044,Lowell Elem School,28.8,30.7,31.9,31.7,26.4,25.8,24.9,30,33,25,22.4,19.1,22.6,23.4,19.3,25.1,34.6
610045,LAWRENCE,23.7,25.3,28.1,36.2,31.5,30.7,40.1,26.7,66.1,30.6,28.7,32.3,40.2,38.5,,,
610046,Lyon Elem School,27.7,25.2,17.5,9.3,10.1,11.4,12.9,14.7,20.8,10.9,21,12.2,14,16.4,13.8,11.3,12.1
610047,Madison Elem School,32.3,39.7,32.8,33.8,34.8,50.7,34.6,49.7,35.2,36.5,31.4,31.5,44.8,49.5,34.5,45.6,61.8
610048,Manierre Elem School,12.7,22.2,15.7,19,12.1,14.7,17.5,16.3,22,20.8,15.4,19,20,23.6,30.2,28.5,34.1
610050,ARAI MIDDLE,43.6,56.8,49.6,54.7,46.7,58.3,96.9,,,,,,,,,,
610051,Northwest Middle School,27.4,20.5,20.1,20.5,23.7,22.2,28.5,21.2,15.9,13,12.6,10.9,10.7,18.8,13.5,16,15
610052,Mann Elem School,29,23.9,23.9,27,30,24.9,26.8,26.7,36.2,29.9,26.8,25.9,35,43.5,39.3,33.9,35.9
610053,Marquette Elem School,29,22.7,27.6,27.7,27.1,20.9,27.8,26.4,29.3,27.8,23,23.9,26.6,28.5,23.8,32.7,31.7
610054,Marsh Elem School,28.9,31,28.8,29,25.1,37.7,32.6,25,19.3,14.2,19,10.4,16.1,10.7,14.2,15.5,17.9
610055,Faraday Elem School,33.5,34.9,31.6,41.4,50,37.8,42.9,40.6,37.8,47.4,37.3,40.4,33.8,70.9,59,45.8,84
610056,Mason Elem School,28.5,29.2,30.4,32.8,37.3,37.7,30.7,36.8,16.8,27.6,20.8,24.8,27.8,28.9,24.4,33.3,36.5
610057,Fairfield Elem Academy,40.3,35.1,36,31.4,41.9,36.4,34.4,33.2,41.6,35.9,25.8,24.8,28.3,26.1,19.1,27.8,38.4
610058,MAY,29.3,23.6,36.1,38.3,38.8,47.9,45.6,42.2,34,32.7,29,34,40,35.9,,,
610059,Mayer Elem School,8.3,11.4,11.1,10.2,8.3,9.1,7.1,5.6,7.5,5,4.7,5.7,6.6,5.9,6.6,7.6,7.6
610060,Jackson A Elem Language Acad,3.7,2.8,4.6,3.7,6.7,7.1,5.6,3.6,2.7,0.4,1.7,2.6,2.7,3,3.5,2.5,1.6
610061,MAYO,23.2,16.4,22.6,23,20.5,17.2,17,24.3,18.9,18.7,16.1,20.2,21.2,25.3,,,
610062,McClellan Elem School,31.7,27.9,40.3,33.3,24.6,26.4,22.9,29.6,26.5,22.7,22.3,16.7,21.5,17.3,19.5,15.8,21.7
610063,McCormick Elem School,29.7,23.7,24,25.2,18.8,29.1,23.6,17.6,23.2,16.7,17,16.1,13.2,15.4,17.9,13.9,13.5
610065,Till Elem Math & Science Academy,,,,,,,,,,,,,48.4,44.4,38.7,44.1,47.2
610066,McDade Elem Classical School,3.3,1.6,2.7,0.5,1.1,3.8,1.7,1.5,1.2,2.6,1,4.5,1.5,1.5,3.2,3.9,3.2
610067,McKay Elem School,31.7,29.1,31.4,30.2,34.6,31.7,30.5,33.5,38.7,34,33.3,36.2,33.5,37.4,30.6,31.5,41.4
610068,Hanson Park Elem School,21,23.5,14.6,21.5,15.6,21,19,17.5,19.4,17.9,26,16.8,12.6,14.7,20.8,23.2,25.5
610069,IRVING PARK,20.8,23.2,22.9,20.3,15.9,16.1,17.8,13.9,18.8,,,,,,,,
610070,McPherson Elem School,25.8,26.4,19.2,21.2,14.9,16.1,15.7,18.5,8.5,15.7,16.2,17.6,11.7,20.2,12.5,9.2,15
610071,MEDILL,22.3,32.6,27.1,16.2,23.3,30.5,32,45.4,34,17.6,,,,,,,
610072,MORGAN,24.1,19.2,27.7,24.7,28.6,29.1,28.3,29.6,32.7,38.6,30.4,23.3,26.8,48.4,,,
610073,Mitchell Elem School,28.4,24,27.7,31.9,27.3,18.9,17,14.5,14.5,15.3,16.1,13.7,8.9,8.9,9,8.9,6.9
610074,Monroe Elem School,14.7,19.9,23.6,17.1,14.9,12.6,16.8,20.9,17.1,14,13.6,14.5,10.8,12.4,15.2,19.3,20.5
610075,MONTEFIORE,138.6,83.7,111.7,100.6,,,,,,,,,,,,,
610076,Moos Elem School,32.7,34.4,28.4,34.9,26.9,29.2,33.3,22.8,35.2,26.1,23.9,18.4,18.8,24.5,24.8,28.3,27
610077,Morrill Elem Math & Sci School,29.2,24.9,31.8,29.1,19.2,24.8,24.1,24.3,25.2,23.4,22.7,28.9,26.7,27.6,27.4,21.4,26.1
610078,Inter-American Elem Magnet School,7.6,7.2,5.9,5.5,5.8,4.6,4.8,3.5,5.1,2,5.1,4.7,2.8,2.6,3.2,1.9,5.7
610079,MORSE,38.7,33.1,31.9,37.1,45.1,48.7,38.1,,,,,,,,,,
610081,Sheridan Elem Math & Science Acad,1.9,2.9,2.9,4.3,2.9,3.3,2.2,1.3,14.4,3,1.6,1.7,1.9,1.3,2.4,3.8, 
610082,Mount Greenwood Elem School,9.8,7.6,8.7,11.3,11.4,12.4,10.1,6.5,14.9,6.8,5.6,4.1,4,4.1,3.5,4.7,3.1
610083,BEARD,3.7,9.5,10,10.3,,,,,,,,,,,,,
610084,Keller Elem Gifted Magnet School,3.1,1.3,1.7,1.3,2.2,0.9,0.9,0,0,0.9,0.4,4.5,2,4.9,3.7,6.6,2.1
610085,NEAR NORTH,32.9,25.7,35.6,32,,,,,,,,,,,,,
610086,Mount Vernon Elem School,22.2,39.4,30.7,29.9,44.6,27.6,48.6,28.8,49.9,37.8,30.5,29.7,38.6,37.9,36.7,24,25.5
610087,BLAIR,11.1,8.4,18,3.9,,,,,,,,,,,,,
610088,Mozart Elem School,32.6,28.3,25.8,24.7,21,22.2,17.8,18.9,24.2,20.1,17.9,16,15.7,16,15,12.6,16.6
610089,Murphy Elem School,24.5,27.6,26.1,19,18.1,21.5,16,18.3,19.5,12.1,10.6,12.3,10,13.2,16.1,11.5,10.6
610090,Murray Elem Language Academy,1.8,2.1,2.1,1,5.6,3.9,1.8,2.9,7.2,3,3.1,3.7,5.4,4.3,2.3,5,3.5
610091,Brown R Elem Community Acad,27.4,31.5,25.6,27.7,23.2,26.8,24.5,27.5,36.2,22.7,22.2,21.7,26.7,35.5,46.6,28.9,36
610092,Nash Elem School,24.5,28.1,29.4,35.4,31.3,41.4,38.7,32,35.3,30.3,35.8,39.3,45.8,28.1,24.2,25.4,39.4
610093,Neil Elem School,12.2,16.6,17,14.6,14.9,14.3,13.8,18.4,20.2,13.4,16.8,19.8,19.5,14.9,10.3,19.3,20.8
610094,Nettelhorst Elem School,38.7,24.5,35.7,39.3,24.6,13.4,19.9,13.3,21.5,9.2,13.7,12.6,11.9,9.1,9.4,15.9,12.3
610095,Newberry Elem Math & Science Acad,3.6,4.8,3.6,3.9,5.1,5.4,3.7,3.5,4.9,2.1,3.6,4.5,3.8,7.2,3.7,2.9,2.2
610096,Nightingale Elem School,21,20.3,27.6,28.2,13.4,11,16.9,19.6,17.3,15.2,15.6,12.7,13,12.5,16.4,11.3,13.4
610097,Nixon Elem School,25.8,28.3,23.8,20.7,22,19.3,21.2,22.6,28.5,16.8,23.5,21,21.8,19.7,18.6,13.5,19.2
610098,Nobel Elem School,13.3,6.8,14.2,9.4,12.3,8.2,13.6,14,19.2,25.6,13.8,14.1,16.4,21.6,19,19.8,15.2
610099,Norwood Park Elem School,6.9,10.8,5.6,7.4,9.1,3.6,4.1,3.5,6.6,7.7,7.1,7.3,3.4,7,10.2,4.1,5.5
610100,West Park Elem Academy,,,,,,,,,,,,,20.4,23,22.9,19.7,26.1
610101,Ogden Elem School,17.9,21.5,18.5,24.5,22.6,18.8,21,11.8,16.9,17.8,24,24.1,25,19.5,17.3,17.1,26.5
610102,Oglesby Elem School,31.5,31.8,25,28.2,28.6,20.7,25.7,33.8,45.7,36.3,45.1,45.3,50.4,44.4,44.4,35.6,56.3
610103,OKeeffe Elem School,40.3,43.4,39.5,39,35.2,36.5,29.1,32.8,38.9,37.7,31.2,37.4,42.9,45.6,35,34.9,46.6
610104,Onahan Elem School,8.7,9.1,9,8.3,7.1,8.6,11.7,5.4,8.9,10.9,7.5,6.2,7.5,16.9,11,8.9,9.5
610105,Oriole Park Elem School,7.3,11.3,12.9,14.5,14.2,7.7,11.3,5.6,11.4,4.6,7.1,3.7,2.7,5.7,8.4,1,4.4
610106,Piccolo Elem Specialty School,27.8,36,30.7,26.9,30.9,32.2,28,28.7,32.9,30,32.1,31.4,38.7,24.9,22,28.8,29.3
610107,Otis Elem School,38.5,29,24,24,26.5,33.1,25.7,20.4,23.7,15.3,19.6,14.7,13.8,16.5,9,9.5,21.2
610108,OToole Elem School,32.8,34.4,33.6,40.1,42.3,35.4,44,39.4,40.7,44.2,36.3,32.4,48.9,44.7,32,40.9,47.7
610109,Owen Elem Scholastic Academy,2.4,3.1,3.7,1.6,2.7,0.8,1.6,0.8,3.2,1.3,1.2,1.6,4.5,4.6,6.5,2.8, 
610110,Wells Preparatory Elem Academy,,,,,,,,,,,,,31.3,27.5,18.5,16.6,15.4
610111,Palmer Elem School,21.1,22.4,21.3,18.6,23.1,24,22.1,19.6,23.7,18.5,17.7,16.5,14.7,14.3,14.4,12.1,13.7
610112,Parker Elem Community Academy,22.2,27.9,19.7,23.2,25.4,25.1,15.2,24.4,41.1,40,23,17,27.1,27.4,23.3,28.4,40.6
610114,PARKMAN,28.1,16.9,28.3,24.6,47.6,40.5,31.9,48.5,82.4,81.3,44.8,38.6,23.5,22.2,,,
610115,Park Manor Elem School,29.4,28.5,35.4,27.9,43.9,56,51.2,49.3,55.1,40.7,49.9,29.1,37.8,36.2,41.2,36.3,62.9
610116,Parkside Elem Community Academy,40,27.6,46.6,30.8,35.7,41.6,45.7,40.8,43.6,35,37.2,34.6,35.4,53.6,35.8,39.2,45.5
610117,Pasteur Elem School,16.9,19.1,10.9,7.5,6.8,9.7,32.4,27.5,11.5,17.8,18.4,18.6,14.2,12.6,12.1,13.2,10.2
610118,TRIUMPHANT CHARTER,26,16.9,16.7,6.2,16.7,,,,,,,,,,,,
610119,PEABODY,22.2,19.2,25,23.9,23.1,19.4,18.7,20.6,26.6,19.2,15.2,19.5,20.1,19.2,,,
610120,Peck Elem School,18.3,20.2,10.1,7,5.9,6.7,10.9,7.3,13.8,7,7.9,4.8,7.1,6.3,6.2,7,11.6
610121,Irving Elem School,13.5,15.2,12.2,10,9.3,8.3,11.3,5.1,16,11.1,11.3,8.8,11.4,10.7,15,13.1,15.5
610122,Peirce Elem Intl Studies School,27.1,20,19.4,16.6,16.6,14.3,15.4,16.2,18.7,8.8,7.5,7.2,9.6,8.4,6.6,7.2,9.1
610123,Penn Elem School,24.5,31.4,27.1,40.3,32.5,28,32.1,30.7,32.5,28.7,26.4,27.3,33.7,34.1,33.9,29.6,47.8
610124,Washington  H Elem School,,,,,,,,,,,,,28.7,39.9,35.2,38.7,27.2
610125,Ruiz Elem School,11.7,12.6,10.5,12.3,11.8,10.9,10.8,12.6,12.7,10,13.1,8.5,13.4,8.6,10.7,9.5,15.4
610126,Pershing Elem Humanities Magnet,1.9,3,5.2,5.3,4.9,3.4,4,6.6,23,2.7,7.6,12.4,9.2,11.6,10.8,10.6,16.3
610127,Peterson Elem School,22.6,19.9,20.5,15,15.6,16.9,18.7,15.5,18.7,18.8,15.4,15.8,16,15.3,13.9,16.6,13.5
610128,Garvey  M Elem School,28.4,15.7,28.3,17.9,18.2,17.4,18.3,20.9,12.9,15.5,18.7,16.2,26.5,20.6,27.3,29.7,19.5
610129,Pickard Elem School,36.8,25.4,24.1,21,23.7,20.2,18.4,17.9,16.6,16.1,18.5,11.9,10.6,13.5,17.3,15.5,17.4
610130,Pirie Elem Fine Arts & Academic C,25.9,23.9,21.5,26.7,25.5,21.6,27.7,22.2,34.9,18.3,27.4,30.3,23.2,22.2,22.5,33.4,27.9
610131,Plamondon Elem School,26.8,22.6,26.7,30.6,29.2,27.8,31,12.5,19.5,30.7,28.3,21.1,28,24.9,26,24.5,17.1
610132,Poe Elem Classical School,5.8,7.1,4.1,3.3,2.2,3.4,3.1,0.6,2,0.5,0.5,4.7,4.7,2.1, ,1.5, 
610133,Ward  L Elem School,,,,,,,,,,,,,31.3,35.5,27.1,26.2,39.5
610134,POPE,26.4,27.3,35.6,42.2,51.1,63.5,44.6,45,44,38.8,46,53.6,47.3,73.4,,,
610135,Portage Park Elem School,20.8,19.1,24.2,22.2,20.5,19.4,17.5,19.5,19.8,12.8,14.7,14.3,17.5,18.7,15.7,16.6,19.5
610136,Prescott Elem School,19.2,32.3,37.4,40.3,22.8,26.4,24.5,18.9,44.1,20.8,26.1,18.1,10.8,5.2,9.5,9.5,9.6
610137,Prussing Elem School,15.4,19.2,23.9,19.1,26.4,20.8,22.5,21.3,18.7,14,13.9,8,8.5,10.2,17,16.9,15.4
610138,Pulaski Intl Sch of Chicago,14.6,17.7,19.6,17.8,14.7,13.5,21.2,11.1,15,8.5,7.5,3.5,5.4,8.1,5.6,4.7,5.7
610139,Pullman Elem School,49.8,45.9,35.7,51.4,38.3,47.6,35.4,34.5,46.4,41.2,46.4,32.9,43.6,45.8,35,28.3,29.1
610140,JOHNS,28.8,32.6,33.4,39.7,30.5,39,33.1,37.9,35,,,,,,,,
610141,Ravenswood Elem School,29.4,24.6,24.1,19.3,23,22.6,19.9,19,16.1,14.4,8.6,6.4,8.8,8.8,10.5,8.2,4.2
610142,Ray Elem School,11.5,16,9.5,11.3,13.5,11.6,13.5,13.4,14.4,12.1,19.5,14.5,12.3,20.1,18.3,19.8,21.9
610143,Reavis Elem Math & Sci Spec Schl,25.2,26.7,24.1,31,24.3,29.5,26.4,34.4,31.4,24,31.9,22.3,36.4,30.9,41.1,35.9,43.2
610144,Reilly Elem School,22.5,23.4,22.1,24.2,20.4,17.5,23.8,19.9,20.1,16.7,11.7,13.5,14.2,15,11.7,13.5,14.6
610145,Reinberg Elem School,14.3,15.2,19.8,19.5,18,16.7,17.5,15.7,14.1,16,10.3,14.8,12,9.9,16.5,15.1,10.6
610146,Revere Elem School,22.5,26.2,32.4,25.2,31.6,27.6,20.6,20.4,30.8,27.9,24.1,23.2,26.1,34.1,34.7,30.1,34.5
610147,Rogers Elem School,15.5,19.4,16.4,17.9,19.5,14.9,13,16.9,19.6,12.3,12.8,11.7,11.5,11.2,14,9.3,12.9
610148,Chavez Elem Multicultural Acad Ct,74.9,60.7,51.7,39.3,29,24.7,23.3,22.3,19.1,18,14.9,13,13.1,12.4,13.7,11.2,15.2
610150,ROSS,42.8,36.2,42.9,39.5,53.4,57.1,59.8,41.7,43,39,52.9,44.1,50,49.2,,,
610152,Ruggles Elem School,22.1,20.8,25.2,26.5,28.1,29.7,21.6,28.7,23.4,24.2,23.6,21.8,25.3,21.6,23.3,21.6,28.4
610153,Ryder Elem Math & Sci Spec School,25.2,24.6,33.1,26.7,29.4,29.6,22.3,31.4,31,30.8,31.9,22.3,22.6,35.6,33.1,22,26.6
610154,RYERSON,29.9,22.5,24.2,29.7,25.8,37.8,33.6,34.8,46.2,33.9,27.2,29.4,41.4,38.7,,,
610155,Sauganash Elem School,11.6,10,8.5,11.3,10.1,8.1,7.2,7.9,15,4,6.6,2.4,8.5,3.4,7.7,3.8,4.7
610156,ARMSTRONG  L,19.9,20.7,19.9,24,19.2,40.6,22.2,29.6,23.6,29.1,23.8,24.6,33.5,55.3,,,
610157,Sawyer Elem School,10.6,9,10,9.4,9.4,8.6,13.3,10.4,14.2,11,12.8,9.4,10.5,9.9,9.1,11.8,8.8
610158,Sayre Elem Language Academy,4.5,5.1,5.6,6.9,8.1,10.2,13.7,8.5,11.6,9.5,7.2,8.2,10.3,8.3,10.8,12.1,13.6
610159,Scammon Elem School,35.6,30.2,29.1,23.7,24,21.8,23.3,16.5,14.9,12,13.4,12.9,15,13.2,16.3,15.3,12.4
610160,SONGHAI,43.6,38.3,46.4,59.4,53.4,48.5,38.5,51,52.1,58.4,47.8,47.2,46,59.8,,,
610161,BONTEMPS,30.3,34.5,42.7,36.4,33.7,36.2,34.7,40,43.1,25.7,38.2,28.9,31.6,40.1,,,
610162,SCHILLER,29.2,30.4,25.9,18.1,28.5,50.9,84.9,62.9,28.5,18.4,,,,,,,
610163,STOCK,,,,,,,,,,,,,,,,,
610164,SCHNEIDER,33.8,37.2,26.6,25.1,45.1,20.5,17,12.3,17.2,12.9,10.4,2.8,,,,,
610165,Schubert Elem School,27.7,23.4,21.5,22,21.9,22.4,21.7,19.4,27.2,16.2,15.2,13.3,15,18.8,14.1,12.3,24.5
610167,Seward Elem Communication Arts Ac,35,27.4,24.5,22.2,18.2,16.9,14.8,16.1,15.8,14.9,16.7,10.7,9.6,10.3,10.5,11.5,15.6
610169,SEXTON,39.8,42.7,33.4,35.2,58.3,39.2,34.3,47.5,44,39.6,35.9,31.1,46.2,46.9,,,
610170,Columbia Explorers Elem Academy,,,11.3,7.7,8.7,10.9,24.3,36.3,17.3,22.5,16,13.9,12.8,12.6,18.7,15.2,18.9
610171,Mireles Elem Academy,32.3,30.2,31.6,33.6,32.3,33.9,31.7,40.2,42,31.3,29.1,32.4,34,40.3,30.5,39.7,41.7
610172,Sherman Elem School,34.8,32.1,41.8,35.8,29.5,33.2,44.2,43.5,52.2,38.1,42,32.8,29.7,28.2,35.1,31.8,52.5
610173,Sherwood Elem School,34.8,38.3,36.6,35.2,38.1,42.8,44.1,44,48.4,44.6,40.8,32.6,44.6,30.7,32.3,25.3,26.4
610174,Shields Elem School,16.2,12.8,15,13.6,12.5,12.2,9.8,9.1,10.4,11.1,8.9,8.8,11,13.8,13.3,14,13.7
610175,Shoesmith Elem School,18.8,29.6,18.4,18.2,24.2,12.9,13.8,13.7,19.4,14,25.1,20.2,19.5,21.2,17.5,21.4,22.3
610176,Shoop Math-Sci Tech Elem Academy,25.7,27.1,24.2,25.8,28.9,24.6,27,23.6,29.9,21.4,30.8,28.6,27.5,32,30.9,37.1,37.5
610177,Skinner Elem School,5,9.4,10.7,5.2,2.8,3.3,6.8,4.3,9.5,3.3,5.7,1.9,4,4.5,5.9,3.7,4.8
610178,Schmid Elem School,21.3,21.7,18.3,19.8,21.1,19.1,19.7,21.8,32.7,20.6,22.9,35.1,33,39.2,16,31.2,39.8
610179,Smyser Elem School,19.1,14.2,13.4,17.3,18.4,13.7,14,15.3,14.3,11.2,9.8,8.6,8.6,9.1,8.5,13.1,10.5
610180,Smyth  J Elem School,33.8,35.8,21.4,22.7,31.1,14.9,23.3,25.2,25.5,25.5,17.6,20.3,22.5,34.3,27.6,33.5,36.6
610182,Solomon Elem School,,,,,,,,,,,,,9.4,9.1,9,13.2,17.1
610183,Spencer Technology Acad Elem Sch,,,,,,,,,,,,,27.7,28.1,28.7,33.1,41.5
610184,Spry Elem Community School,,,,,,,,,,,,,13.7,14.7,14.2,19.3,16.7
610185,Stevenson Elem School,,,,,,,,,,,,,18,14.5,16.8,20.9,14.7
610187,STEWART,56.9,46.4,57.8,49.7,59,51.2,52.1,64.2,61.3,62,56.1,31.3,28.1,20.9,,,
610188,Dunne Technology Acad Elem Sch,31,30.1,27.4,20.9,23.1,23.7,20,21.3,15.7,17.7,21.1,21.4,26.1,28.1,19.2,20.5,22.8
610189,STOCKTON,33.5,31.3,31.3,25.5,31.3,24.2,22.1,21,24.3,17.9,25.9,20.7,32.1,32.5,,,
610191,Stone Elem Scholastic Academy,,,,,,,,,,,,,5,7.4,4.5,3.4,2.4
610192,Stowe Elem School,,,,,,,,,,,,,16.1,18.2,17.5,13.4,19
610193,Sullivan Elem School,42.5,42.1,71.3,47.3,31.4,36,35.9,28.1,39.3,42.2,38.6,31,41.7,42.1,41,40.9,41.7
610194,Sumner Elem Math & Sci Comm Acad,,,,,,,,,,,,,33.2,30.7,22.2,21.1,15.8
610195,Sutherland Elem School,,,,,,,,,,,,,4.7,5.6,6.2,8.7,5.9
610196,Swift Elem Specialty School,,,,,,,,,,,,,21.6,18,18.3,22.1,25.7
610197,Talcott Elem School,,,,,,,,,,,,,12.2,15,10.8,10,11.8
610198,Taylor Elem School,,,,,,,,,,,,,15.8,38.5,22.7,32,41.5
610199,Colemon J Elem Academy,,,15.4,11.7,13.3,17.9,8.7,17.8,12.4,8.9,6.5,5.6,3.9,20.4,6.3,5.6,10.8
610200,Thorp  J N Elem School,,,,,,,,,,,,,32.6,34.4,34.9,33.7,41.2
610201,Thorp  O A Elem Scholastic Acad,,,,,,,,,,,,,2.8,2.2,5.6,2.3,0.9
610202,Tilton Elem School,,,,,,,,,,,,,32.1,40,38.3,43,49.5
610203,Tonti Elem School,,,,,,,,,,,,,14.8,12.2,12.1,14.7,13.8
610205,TRUMBULL,28.9,23.1,21.5,28.4,21,30.8,24.5,25.3,25.7,18.4,16.1,14,13.7,16.7,,,
610206,Twain Elem School,,,,,,,,,,,,,7.4,7.9,8.4,6.6,7.9
610207,Vanderpoel Elem Magnet School,,,,,,,,,,,,,2.2,3.6,3,5.5,5.6
610208,Lavizzo Elem School,40,44.3,40.9,35.6,39.7,38.5,44.2,44.9,47.5,56,65.1,50.9,60.8,62.3,42.2,43.4,46.8
610209,Volta Elem School,,,,,,,,,,,,,17.4,13.4,15.6,20.4,18.9
610210,VON HUMBOLDT,26.9,27,31.9,29.3,28,29.4,31.8,29.9,35,37.6,19.6,21.8,29.1,26.2,,,
610212,Albany Park Multicultural Elem,24,23.1,24.3,18.8,18.7,18.1,20.9,13.2,16.1,15.9,10.9,18,7.9,8,9.9,6.9,7.3
610213,Wadsworth Elem School,,,,,,,,,,,,,16.3,22.8,41,35.3,38.6
610215,Madero Middle School,31.2,28.6,30,37.8,23.2,27.2,24.2,21.1,11.5,9.8,10.2,13.5,7.7,9.6,6.8,7.7,6
610216,Walsh Elem School,,,,,,,,,,,,,6.8,11.7,9.8,11.1,12.9
610217,Ward  J Elem School,,,,,,,,,,,,,9.4,11.5,12.9,8.3,10.6
610218,Warren Elem School,,,,,,,,,,,,,19.7,29.1,18.1,12.9,31.2
610219,Washington  G Elem School,,,,,,,,,,,,,11.1,13.3,12.8,12.8,11.7
610220,Waters Elem School,,,,,,,,,,,,,11.1,7.4,7.9,7.3,5.1
610221,Webster Elem School,,,,,,,,,,,,,14.5,13,20.9,34.8,29.9
610223,Wentworth Elem School,,,,,,,,,,,,,37.2,40.4,41.5,31.2,43.1
610224,WEST PULLMAN,38.7,53.8,43.9,54.2,51,56.4,55.6,51.5,54.7,52.4,51.9,34.7,54.5,59.6,,,
610225,Whistler Elem School,,,,,,,,,,,,,23.5,25.4,32.2,26.7,29.9
610226,Sandoval Elem School,8.2,81.6,13.2,19.5,30.9,16.4,26.4,25,7.9,6.7,11.8,16.6,10.8,11.7,8.5,15.8,15.7
610227,Whitney Elem School,,,,,,,,,,,,,8.5,13.1,10.9,9.6,12.9
610228,Whittier Elem School,,,,,,,,,,,,,15.7,15.3,16.4,16.4,12.1
610229,Pritzker Elem School,25.1,35.3,39.1,33.4,19,19.3,15.6,16.5,23.3,16.3,17.8,12,11.5,13,11.9,10.2,10.9
610230,Wildwood Elem School,,,,,,,,,,,,,6.1,3.6,5.2,4.7,2.8
610231,National Teachers Elem Academy,,,,26.4,21.5,21,14.6,18.8,21.2,12.1,24.3,13.4,11.7,15.5,11.6,16.7,11.1
610232,WILLIAMS ES,27.8,28.9,21,,22.4,17.3,17.3,9.4,30.5,15.1,11,25.8,19.2,13,,,
610233,YALE,35.4,49.6,42.7,48.2,38.7,41.1,45.7,43.4,58,48.8,45.8,43.1,44,49.1,,,
610234,Yates Elem School,,,,,,,,,,,,,25.5,19.9,22.1,25.7,36
610235,Young Elem School,,,,,,,,,,,,,24.2,25.8,21.1,24.3,28.6
610237,Beethoven Elem School,28.2,25.6,19.1,23.1,26.3,17.3,10.6,15.4,14.7,17.1,13.5,21.7,27.2,29.3,47,30.7,34.1
610238,Bond Elem School,20.4,37.7,31.5,26.5,31.3,32.9,32.3,43.4,37.6,26.3,26.7,18.8,40.4,47.4,37.5,46.5,53.3
610239,Daley Elem Academy,34.4,42.7,35.3,39.8,39.4,32.9,31,26.5,40.6,19,19.7,19.6,25.8,20.4,23.4,15.1,17.5
610240,HENSON,24.9,21.3,34.1,25.1,28.7,30.8,32.5,46.3,44,47,28.9,27.6,47.7,53.1,,,
610241,MARCONI,19,20.8,27.3,20.2,24.4,33,31.8,23,36.3,37,29.6,24.5,26.1,26.9,,,
610242,Brennemann Elem School,39.9,38.1,40.2,54.1,45.9,204,60.7,26.5,36.7,26.4,20.8,23.2,29.9,28.8,25.2,24.4,37.3
610243,CALHOUN,27,36.9,24.1,37.1,35.3,31.4,43.7,39.7,40.2,27,38.1,32.4,42.9,33.6,,,
610244,Clark Acad Prep Magnet High Schl,27.2,32.4,23.2,15.7,8.7,8.2,6.4,6.7,6.5,7.9,11.9,12.1,10,14.9,8.2,14.6,10.7
610245,Douglass Academy High School,36.7,26.7,41.7,40.6,43.7,30.9,26.2,28.2,38.4,43.3,31.7,50.5,55.3,55,49.6,43.8,71.3
610246,Beasley Elem Magnet Academic Ctr,3.6,4.2,6.9,4.3,4.8,4.4,4.9,3.9,9.1,5.8,5.4,4.8,8.4,3.2,4.9,4.4,6.7
610248,Chicago Academy Elem School,,,6.4,7.4,4.1,7.1,4,2.2,1.1,1.8,4,0.7,0.4,0.4,3.5,1.1,2.1
610249,Talman Elem School,,,,,,,,,,,,,8.9,10.4,8.5,5.3,13.1
610250,Salazar Elem Bilingual Center,14.1,22.7,14.3,22.2,22.5,16.2,9,8,15,4.6,6.9,9.7,6.3,9.4,12.2,11.2,14.8
610251,Cather Elem School,17.8,25.1,23.5,28.8,29.5,34.2,29,46.5,31.7,35.4,27.7,20.6,29.2,14.9,34.2,37.9,51.2
610252,Dett Elem School,8.8,10.3,9.2,24.6,17.2,26.9,24.3,34.3,27.6,25.2,25.3,19.5,32.2,31.4,33.7,23.6,43.9
610253,LATHROP,23.8,19.7,20.5,27.6,36.9,21.8,67,59.8,64.9,30.4,39.5,27.3,46.6,,,,
610254,Dvorak Technology Acad Elem Sch,16,16.3,18.3,19.5,20.3,17.1,18.7,20.2,27.5,26.6,22.9,21.5,27.3,33.7,38.5,20.2,24.9
610256,Robinson Elem School,17.3,18.3,18.6,10,17.7,14.9,22.8,27,43.8,38.8,39.8,24.4,40.4,45.8,29,47.1,53.3
610257,Morton Elem Career Academy,54.2,41.5,34.6,44.3,43,43.7,44.5,63.5,67.5,56.3,62.1,45.8,29.9,40.2,35.1,31.6,39.4
610258,PRICE,23.6,20.6,27.9,35.6,27.8,33.3,25.1,36.9,20.7,28.5,28.6,34.1,42.2,,,,
610260,MCCORKLE,29.4,36.9,34.9,29.5,30.5,26.6,47,37.4,50.5,29.7,27,,,,,,
610261,BUNCHE,33.8,37.4,39.5,50,42.6,48,,,,,,,,,,,
610263,Dulles Elem School,26.7,24.2,20,25.3,23.6,18.4,23.9,20.3,33.4,24.5,30.3,20.6,27.8,20.8,38,35.1,38.3
610264,REED,29.7,23.8,28.4,34,37.5,43.4,45.1,43.8,38.8,41,28.9,8.8,9.6,,,,
610265,BANNEKER,38.7,42.1,43.2,32.5,51.7,33.9,50.2,45.1,50.8,42.7,57.3,45.1,43.8,48.8,,,
610266,DUMAS,41.4,33.8,38.5,31.9,45.7,34.7,34.7,31.2,34.5,32.7,34.5,28.2,35.5,29.5,,,
610268,Ashe Elem School,41,31.8,40.9,37.2,36.2,41.9,46.3,37.2,59.1,49.4,52.2,49.6,55.5,54.8,50.7,56.2,56.5
610269,Mccutcheon Elem School,47.4,47.4,36.8,40,39,43.5,58.3,45.3,42.6,40.4,59.8,54.6,62.1,63.6,63.9,48.2,58.2
610271,Jensen Elem Scholastic Academy,7,7.1,7.2,11.6,8.3,11.4,12.2,9.4,16.5,10.4,13.2,11.5,14.7,9,33.9,24.4,30.1
610273,PADEREWSKI,53.9,72.4,48.6,42.1,37.1,29.2,38,27.4,50.2,44.7,39.8,35.6,43,30.8,,,
610274,Johnson Elem School,27.8,24,31.2,21.3,43.7,19.3,26.2,49.7,44.3,62.2,40.7,26.1,40.2,36.1,25.5,45.2,46.1
610276,Mollison Elem School,18.1,24.3,19.7,29.7,26.8,24.3,24.5,25.9,26.5,35.9,29.3,21.6,36.9,47.9,27.8,28.9,35.4
610277,OVERTON,31.9,40.5,37.8,26.9,33.3,33.6,47.5,37,40.9,26.5,46.6,41.9,34.8,54.9,,,
610279,Tanner Elem School,,,,,,,,,,,,,43,29.7,39.8,36.9,37.5
610280,BUCKINGHAM,81.4,39.4,43.7,88.7,,,,,,,,,,,,,
610281,Powell Elem Paideia Comm Academy,32.8,36.8,39.7,41.9,37.4,30.8,90.7,69.7,45,33.5,34.7,44.4,37.2,43.4,41.6,34.2,36.8
610282,McNair Elem School,109.1,125.9,133.1,152.5,37.7,33,29.5,29.6,40.6,30.2,30.2,24.4,24.1,43.1,35.1,40,42.4
610283,GUGGENHEIM,36.9,46.6,33.2,44.3,39.9,35.8,43,49,47.4,34.4,40,28.4,53.9,,,,
610284,New Field Elem School,,,,,29.5,30.1,29.7,23.8,31.4,17.9,21.5,13.6,15.3,33.5,16.7,23.6,27.4
610285,WOODS,31.1,33.7,29.9,33.9,42.4,39.9,39.5,37.6,47.3,31.7,24.2,32.9,26,26,,,
610286,SOUTH CHICAGO,,,,38.8,26.7,51.1,20.7,28.3,44,44.7,,,,,,,
610287,Ashburn Community Elem School,,,,10.7,7.9,10.4,47.5,18.1,17.3,11,13.1,10.1,15.6,20.1,17.1,13.7,18.7
610290,Mays Elem Academy,54.6,47.1,57.3,56.1,30.3,29.8,43.2,25.7,32.8,23,27.7,15.6,26.7,28.4,45.1,34.8,40.5
610291,Lee Elem School,27.6,20.4,21.4,42.1,41.8,36.1,30.4,22.5,10.3,12.6,7.8,16.3,8.9,11.5,8.1,12.2,14.5
610292,DAVIS  M,47.2,45.3,36.8,40.8,45.4,49.2,37.8,41.3,65.6,,,,,,,,
610293,Melody Elem School,34.9,21.5,21.9,26.2,23.4,30.6,25.2,29.2,28.5,27.8,31.1,24.5,30,19.4,26.9,19.1,31.4
610295,Higgins Elem Community Academy,24.7,22.7,22.6,30,30.4,32.4,27.7,29.1,37.9,20,31,23.4,20.3,22.1,22,26.9,21.4
610296,SCHOOL OF TECH HS,,,,,25.3,24.4,21.9,27.7,48.2,65.8,81.9,87.4,,,,,
610297,SCHOOL OF LEADRSHP HS,,,,,43.6,26.4,30.7,61.7,58.2,30.9,36.2,38.4,42.7,36.3,11.3,,
610298,Lenart Elem Regional Gifted Ctr,2.5,1.6,1.5,2.7,5.1,4.5,2.3,0.8,3.2,0,4.5,2.5,5,1.8,2.7,7.5,8.3
610299,King Academy of Social Justice,47,47,42.1,38.2,47.3,40,40.2,31.7,39.8,33,36.7,30.5,31.4,38.5,43.7,36.9,45.8
610300,Westcott Elem School,,,,,,,,,,,,,32.9,28.6,26.9,40.9,35.3
610301,BIG PICTURE BACK OF YARDS HS,,,,,20.3,6.9,38.2,15.1,27.5,4.4,,,,,,,
610302,EXCEL HS,,,,,,86.6,48.1,44.3,34.6,,,,,,,,
610303,AASTA HS,,,,,,54.3,33.4,20.4,42,,,,,,,,
610304,Phoenix Military Academy HS,,,,29.1,23,41.7,25,17.6,7.5,8.8,10.3,7.4,9.9,5.5,6.9,6,3.5
610305,Leland Elem School,28.9,31.7,25.5,26.1,20.1,19.8,16.6,26.7,37,32.8,35.9,26.4,20.4,21.7,41.4,35.7,46.5
610306,DE LA CRUZ,32.4,36.3,29.3,21.3,32.5,31.1,30,21.7,32.2,5.5,,,,,,,
610307,BOWEN HS,,,,38.4,69.2,36.7,24.7,36,32.2,38.4,35.4,36.6,,,,,
610308,RUDOLPH,27.4,14.3,14.5,34.2,,,,,,,,,,,,,
610309,CHGO DISCOVERY HS,,,,13.6,15.8,12.6,26.7,22.6,23.6,19.3,25.9,23.4,,,,,
610310,SCHOOL OF THE ARTS HS,,,,21.2,32.9,43.2,31,30,21,22.4,20.4,18.4,,,,,
610311,ENTREPRENEURSHP HS,,,,28,38.1,39.2,45.6,44.5,38.5,46.7,22.7,34.7,,,,,
610312,McDowell Elem School,22.3,26.9,12.2,16.9,14.1,16.5,19.4,23.8,30.9,25,26.9,21.6,17.3,14.1,21.4,16.1,18
610313,De Diego Elem Community Academy,8.4,8.8,8.2,7,3.8,6.5,7.3,9.5,6.2,5.3,5.8,6.2,7.6,11.4,13.7,11.8,15.3
610314,DAVIS DEVELOPMENTAL ECC,,,,,,,,,,,,,,,,,
610315,White Elem Career Academy,,,,,,,,,,,,,44.4,41.7,44.4,41.9,26.1
610316,Earhart Elem Opt for Knowl School,5.7,6.9,6.1,4.2,14,8.4,4.7,6.9,7.2,3.9,6.9,6.8,6.1,8.2,6.6,5.6,6.2
610317,Brighton Park Elem School,31,22.7,21.8,24.4,17.9,18.9,18.8,16.3,21.8,12,19.3,15,16.3,11,9.8,16,15.4
610318,ANDERSON  S COMM ACD,38.6,40.9,39.4,38.3,44.9,32.9,,,,,,,,,,,
610319,Evergreen Academy Elem School,35.2,26.2,21.5,21.6,25.7,21.5,25.2,20.2,20.3,15.3,16.6,13.1,16.6,13.5,15,16.5,18.5
610320,DUPREY,36.7,28.2,50.7,39.8,40.4,29.7,41.9,37.1,42.2,26.9,41.2,60.3,16.7,24.7,,,
610321,Marshall Middle School,26.9,21.3,21.3,21.2,23.4,23.3,23.4,22.8,16.1,15.2,12.9,16.1,14.5,19.9,14,24.9,28.9
610322,VINES HS,,,,,27.7,31.3,46.3,54.6,45.9,,,,,,,,
610323,Bowen High School,,,,,,35.8,21.5,25.7,19.2,34.5,29.4,51.8,71.3,81.9,68.1,52.4,56.7
610324,GLOBAL VISIONS HS,,,,,26,44.3,37.8,40.5,33.2,28.5,32.9,22.6,,,,,
610325,Logandale Middle School,20.1,22.2,20.3,20.1,25.2,24.7,28,22.6,24.7,25.2,26.6,19.1,20.1,25.5,30.8,24.4,18.7
610329,Orozco Elem Fine Arts & Sciences,19.2,20.7,14.9,14.8,12.8,14.1,14.1,11.7,12.7,9.2,9.2,9.1,6.6,8.3,5.8,7.5,4.9
610334,Raby High School,,,,,,3.2,7.8,14.5,10.9,7.2,7.9,12,12.6,13.7,12.9,10.1,18.5
610335,KIPP CHG YTH VIL ACD,,,,,19.2,15.8,42.9,,,,,,,,,,
610336,WILIAMS MIDDLE,,,,,16.5,12.6,15.7,14.1,16.9,6.1,11.8,14.8,20.3,16.4,,,
610337,BIG PICTURE WILLIAMS HS,,,,,27.3,14.2,15.5,23.8,4.3,,,,,,,,
610339,Stagg Elem School,,,,,,,,,,,,,36.7,36,25.5,34.4,28
610340,Chicago Academy High School,,,,,,11.4,8.4,7.8,7.7,6.6,5.6,8,4.5,6.8,4.5,6.6,5.8
610341,FRAZIER,23.6,30.1,28.3,20.2,29.9,47.7,44.3,,,,,,,,,,
610342,Sabin Elem Magnet School,7.8,9.6,8.7,6.6,9.5,7.5,8.1,2.9,6,3.6,8.2,7.3,8.2,9.1,8.6,6.9,12.5
610345,Woodson South Elem School,,,,,,,,,,,,,29,28.2,38.5,26.9,29.4
610347,Claremont Academy Elem School,,,,,,44.5,35.3,32.2,42.7,41.6,31.8,26.3,41.9,40.1,43.2,37.3,39.5
610348,GOLDBLATT,20.8,20.1,19.1,27.4,26.7,27,32.4,36.5,24.6,40.5,35.3,26.5,40.2,42.2,,,
610349,PRINCETON,,,,,,86.3,34.5,29.8,84.2,79.3,,,,,,,
610350,Black Magnet Elem School,3.7,2.9,1.3,2.6,2.1,2.3,4.2,2.1,2.8,2,5,3.2,3.2,8.2,4.2,5.8,3.3
610352,Durkin Park Elem School,,,,,24.5,5,18,19.7,19.6,14.5,14.6,9.7,10.6,13.1,10.1,14.4,16.1
610353,Calmeca Acad Elem School,,,,,41.6,10.2,8.3,16.4,14,8.6,6,11.3,16,12.8,11.2,8.2,10.3
610354,North River Elem School,,,,,120.3,40.8,36.6,30.5,25.3,14.4,28.1,20.8,11.1,9.4,10.3,14.2,18
610355,Courtenay Elem Language Arts Ctr,24.3,22.8,15.5,28.2,12.8,11.2,11.9,11.3,27.3,13.9,11.1,5.9,2.5,11.9,29.1,36.2,39.5
610357,Spry Community Links High School,,,,,,,,,,,,,2.1,8.2,11.5,18.9,18.1
610362,Evers Elem School,17.1,25.1,20.6,28.3,19.9,20.2,16,14.1,17.1,10.1,16.2,14,19.1,15.5,16.8,24.3,18.5
610363,Disney Elem Magnet School,4.7,7,6.5,6,6.7,5.4,6.1,3.8,5.8,4.7,4.6,3.5,3.6,4.6,3.6,5.2,3.3
610364,Dubois Elem School,40.6,33.2,39.1,33.2,30.7,53.5,39.8,73.6,46.1,44.7,52.5,41.9,37.2,46.1,46.6,29.1,55.7
610365,BETHUNE,61.5,51.5,64.5,68.6,60.6,41.7,26.9,31.4,38.1,38.9,36.6,33.3,32.3,41,,,
610366,Wacker Elem School,,,,,,,,,,,,,21.7,21,22.6,10.3,26.3
610367,Depriest Elem School,29.8,29,30.5,32.5,26.2,35,27.1,29,28.8,22.7,25.1,19.2,26.7,28.1,29.5,31.1,39.1
610368,Hughes L Elem School,25.9,27.4,30.1,26.4,31.9,32.6,33.5,43.8,28.3,23.7,45.3,19.2,28.3,25.4,30.1,35.3,48.6
610369,Jackson M Elem School,25,30.7,25.8,36.7,30.5,37,36.6,43.2,45,32.7,31.4,26.9,29.6,30.1,31.8,27,30.7
610370,BEST PRACTICE HS,14.4,15.9,10.2,9.7,6.8,11,13.5,16.7,13.7,17.7,15.6,30.4,,,,,
610371,IDOC/HEALY HS,,,417.8,430,,,,,,,,,,,,,
610374,ROBESON AA HS,,,,,43.4,110.1,33.2,54.2,44.6,56,77.5,133.8,120.9,128.8,,,
610375,TILDEN AA HS,,,,,49.5,85.4,36.7,36.8,66.3,36.6,30.5,28,101.7,41.4,,,
610376,WESTINGHOUSE ACH A H,,,,,51.1,76.1,50.3,,,,,,,,,,
610377,SENN AA HS,,,,,41.5,69.4,64.9,54.2,18.2,46.2,30.9,22,,,,,
610378,CRANE AA,,,,,50.5,106.3,55.4,40.1,43.3,43,38.6,39.6,41.1,66.7,,,
610380,Williams Medical Prep High Sch,,,,,,,,,,,,,3.8,4.8,5.6,6,9.4
610381,Bronzeville Scholastic HS,,,,,,,7.4,8.3,4.7,4.5,8.5,7.1,10.1,15.7,13.8,12.8,15.7
610383,School of Social Justice HS,,,,,,,9.2,7.9,12.5,7.4,8,8.4,12.1,12.4,16,15.1,19.9
610384,Infinity Math  Science & Tech HS,,,,,,,8.2,8.6,7.2,12.4,8.8,13.4,8.7,7.8,7.1,3.9,5.7
610385,Multicultural Acad of Scholarshp,,,,,,,21.3,13.9,12,8.9,9,14.5,13.7,18.8,9.8,14.4,15.3
610386,PEACE & EDUCATION HS,182.7,168.3,272.7,232.3,,,,,,,,,,,,,
610387,SECOND CHANCE ALT HS,,,,,,,,,,,,,,,,,
610389,Orr Academy High School,53,45.2,54.4,62.9,66.1,,,,,39.9,35.6,48.5,59.8,58,67.2,52,101.3
610390,Rickover Naval Academy High Schl,,,,,,,4.5,5.7,8.3,8.4,8.6,10.8,8.2,5.1,3.2,5.3,4.9
610391,Lindblom Math & Science Acad HS,,,,,,,10.2,3.4,5.6,3.8,2.7,2.4,3.1,3.6,2.5,2.1,1.5
610392,World Language High School,,,,,,,,,,,,,12.4,11,13.7,14.1,8.6
610394,Uplift Community High School,,,,,,,,,,,,,21.3,30.2,24.4,15.3,22.1
610395,PERSHING MIDDLE,,,,,,,6.2,1.6,4,5.4,6.6,14,12.8,8.5,,,
610396,Tarkington Elem School,,,,,,,,,,,,,12.7,8,9.5,11.4,9.1
610401,CLEMENTE AA HS,,,,,,,27.9,32.6,47,34.3,44.7,38.1,61.3,32.6,,,
610402,Devry Advantage Academy High Schl,,,,,,,1.8,2.5,1,0.5,5.7,1.4,0.5,0.5,1.6,1,2.5
610404,MIDWAY,,,,,,,51.4,18.3,15.4,,,,,,,,
610405,Suder Montessori Elem Magnet Schl,,,,,,,,,,,,,11.8,2.3,2.7,7.2,4.5
610438,LINCOLNS CHALLENGE H,177.3,64.4,,,,,,,,,,,,,,,
610439,PICCOLO MIDDLE,27.4,,,,,,,,,,,,,,,,
610441,SPALDING ELEM,24.9,17.3,14.3,8.9,7.6,,,,,,,,,,,,
610443,RENAISSANCE ACAD HS,222.9,,,,,,,,,,,,,,,,
610444,NUESTRA AMER CHRT HS,34.3,38.2,,,,,,,,,,,,,,,
610446,COLMAN  Z,33.8,51.2,46.6,61.9,,,,,,,,,,,,,
610448,RIIS,18.2,32.1,,,,,,,,,,,,,,,
610451,TERRELL,49.9,30,20.4,,,,,,,,,,,,,,
610453,OLIVE APC,137.1,75,,,,,,,,,,,,,,,
610454,PROCTOR APC,81.3,71.4,65.3,54.4,,,,,,,,,,,,,
610455,RAYMOND,26.1,34.1,40.6,32,26.8,,,,,,,,,,,,
610456,RECOVER GIFTED CHILD,4.7,19.6,35.5,48.1,,,,,,,,,,,,,
610457,RODRIGUEZ APC,102.3,51.4,65.1,53.5,,,,,,,,,,,,,
610458,SENGSTACKE APC,96.6,60.2,66.3,74.5,,,,,,,,,,,,,
610459,SPALDING HIGH,12.6,19.4,12.8,14.6,12.5,,,,,,,,,,,,
610460,SUDER,19.7,23.3,27.6,23.1,20.2,,,,,,,,,,,,
610461,TESLA ALT HIGH,203.5,163.9,179.8,194.7,,,,,,,,,,,,,
610462,TRUTH,31.9,20.6,21.6,21.2,28,,,,,,,,,,,,
610463,JULIAN ACH ACD HIGH,,,,,23,,,,,,,,,,,,
610469,NR N CAREER METRO HS,23.9,22.5,,,,,,,,,,,,,,,
610470,HARTIGAN,25.2,25.8,42.4,28.9,41.7,,,,,,,,,,,,
610471,JEFFERSON  T,26.1,31.7,29.9,24.4,21.7,,,,,,,,,,,,
610472,WRIGHT,55.3,43.3,38.9,42.3,79.4,,,,,,,,,,,,
610473,BYRD COMMNTY ACADEMY,27,23.3,20.2,34.9,23.4,,,,,,,,,,,,
610474,DONOGHUE,19.6,13.5,58.3,33,,,,,,,,,,,,,
610475,ARTS OF LIVING HIGH,215.2,195.1,164.8,150.2,,,,,,,,,,,,,
610476,DOOLITTLE WEST PRIM,31.9,34,34.6,40.8,32.5,,,,,,,,,,,,
610477,DOUGLAS COMMTY ACAD,18.4,12.6,18.1,26.2,25.8,,,,,,,,,,,,
610479,FLOWER VOC HIGH,20.8,29,21.4,18.6,,,,,,,,,,,,,
610480,FUTURE COM PROF PREP,14,20.2,60.7,,,,,,,,,,,,,,
610481,FUTURE COM TECH PREP,30.1,21.6,40.1,,,,,,,,,,,,,,
610482,HARVEY APC,73.7,46.6,50.8,38.6,,,,,,,,,,,,,
610483,HAYES APC,114.3,64.8,44.1,48.7,,,,,,,,,,,,,
610484,HERNANDEZ APC,110.2,62.6,93.6,80.7,,,,,,,,,,,,,
610485,MUNOZ MARIN PRIM,101,72.6,94.1,111.7,,,,,,,,,,,,,
610486,PARTEE APC,52.6,47.9,47.6,47,,,,,,,,,,,,,
610487,WOODSON NORTH,30.2,26.8,30.6,40,,,,,,,,,,,,,
610488,DORSEY APC,93.4,44.1,,,,,,,,,,,,,,,
610499,Collins Academy High School,,,,,,,,,5.1,13.4,8.4,14.4,25.3,18.3,22.6,17.3,23.4
610501,Austin Polytechnical Academy HS,,,,,,,,,10.6,12,21.7,21.3,28.9,40,20.2,40.3,43.6
610503,Frazier Perspectives Magnet ES,,,,,,,,,21.3,10.6,10.2,7.7,9.6,11.5,4.3,6.7,7.5
610506,Team Englewood Comm Acad HS,,,,,,,,,,,,,8,11.3,24.5,36.3,34
610513,Air Force Acad High School,,,,,,,,,,,9.8,9.5,3.4,4.4,7.6,5.5,9.2
610515,Disney II Elem School,,,,,,,,,,2.1,2,1,4,2.3,3.1,0.8, 
610518,VOISE Academy High School,,,,,,,,,,,,,20.5,27.9,21.4,21.4,38
610520,LaSalle II Lang Acad Elem Sch,,,,,,,,,,7.7,7.5,5.2,5,8.3,3.1,6.4,6.7
610521,Davis M Magnet Elem School,,,,,,,,,,12.3,10.4,7.2,13.6,10.7,21.8,16.8,6.7
610523,Edison Park Elem School,,,,,,,,,,5.3,6.2,5.6,3.2,5.8,5.9,5.4,4.5
610524,Alcott Humanities High School,,,,,,,,,,,1.2,11.3,9.6,5.5,8.1,6,8.2
610529,Ogden Int High School,,,,,,,,,,,13.9,10.7,9.7,6.4,9.5,8.4,11
610530,South Shore Fine Arts Elem Sch,,,,,,,,,,,,,8.1,13,15.6,6.6,11.8
610532,Hernandez Middle School,,,,,,,,,,,10.3,12.3,10.1,7.3,7.8,8.8,6.3
610533,Prieto Math-Science Elem Sch,,,,,,,,,,,13.9,12.3,15.1,11.1,10.5,9,11.2
610534,Skinner North Elem Sch,,,,,,,,,,,3.8,3.6,4.2,4,3,3.4,2.1
610535,MASON HS,,,,,,,,,,,19.2,5.2,8.6,5.1,,,
610539,Camras Elem School,,,,,,,,,,,,,20.9,13.2,13.2,16.1,22.1
610541,Garcia Lorca Elem School,,,,,,,,,,,,,13,10.9,11,13.1,12.4
610542,West Ridge Elem School,,,,,,,,,,,,,27.3,24.3,31.2,22.8,22.2
610543,Solorio Academy High School,,,,,,,,,,,,,10.3,9,15.1,11,10.3
610544,Azuela Elem School,,,,,,,,,,,,,13.3,11,11.8,10.2,12.6
610547,South Shore Intl Col Prep HS,,,,,,,,,,,,,16.1,11.8,7.7,6,5.4
610548,STEM Magnet Academy Elem,,,,,,,,,,,,,1.8,7.3,3,6, 
610558,Goode STEM Academy HS,,,,,,,,,,,,, ,5.4,3.9,4.8,2.6
610559,Shields Middle School,,,,,,,,,,,,, ,8.8,8.2,6.7,7.3
610561,Crane Medical Prep HS,,,,,,,,,,,,, , ,10.5,14,23.2
610563,Back of The Yards IB HS,,,,,,,,,,,,, , ,6.1,5.5,4.2
610564,Disney II Magnet HS,,,,,,,,,,,,, , ,3.3,1.9,5.1
,So Shore Comm Acad H,32,34.2,38.5,42.8,54.5,33.3,,,,,,,,,,,
,,,,,,,,,,,,,,,,,,
"Mobility rate is reported in percent, as captured by Illinois State Board of Education",,,,,,,,,,,,,,,,,,
